,Player,Pos,Age,Date,Lg,Tm,Unnamed: 8,Opp,Result,G#,Week,Day,Cmp,Att,Cmp%,Pass Yds,Pass TDs,Int,Rate,Sk,Pass Y/A,Pass AY/A,Rush Att,Rush Yds,Rush Y/A,Rush TDs,Fantasy Points,Opp RYPG,Opp PYPG
0,Ryan Fitzpatrick,QB,35.289,9/9/2018,NFL,TAM,@,NOR,W 48-40,1,1,Sun,21,28,75.0,417,4,0,156.2,0,14.89,17.75,12.0,36.0,3.0,1.0,42.28,76.4375,241.0625
1,Aaron Rodgers,QB,34.281,9/9/2018,NFL,GNB,0,CHI,W 24-23,1,1,Sun,20,30,66.67,286,3,0,130.7,2,9.53,11.53,1.0,15.0,15.0,0.0,24.94,77.8125,213.625
2,Drew Brees,QB,39.236999999999995,9/9/2018,NFL,NOR,0,TAM,L 40-48,1,1,Sun,37,45,82.22,439,3,0,129.5,1,9.76,11.09,0.0,0.0,0.0,0.0,29.56,120.6875,236.875
3,Patrick Mahomes,QB,22.357,9/9/2018,NFL,KAN,@,LAC,W 38-28,1,1,Sun,15,27,55.56,256,4,0,127.5,1,9.48,12.44,5.0,21.0,4.2,0.0,28.340000000000003,98.1875,210.0625
4,Joe Flacco,QB,33.236,9/9/2018,NFL,BAL,0,BUF,W 47-3,1,1,Sun,25,34,73.53,236,3,0,121.7,1,6.94,8.71,0.0,0.0,0.0,0.0,21.44,97.9375,171.25
5,Alex Smith,QB,34.125,9/9/2018,NFL,WAS,@,ARI,W 24-6,1,1,Sun,21,30,70.0,255,2,0,118.1,3,8.5,9.83,8.0,14.0,1.75,0.0,19.6,134.9375,198.4375
6,Sam Darnold,QB,21.096999999999998,9/10/2018,NFL,NYJ,@,DET,W 48-17,1,1,Mon,16,21,76.19,198,2,1,116.8,2,9.43,9.19,0.0,0.0,0.0,0.0,14.92,105.25,224.0
7,Andy Dalton,QB,30.315,9/9/2018,NFL,CIN,@,IND,W 34-23,1,1,Sun,21,28,75.0,243,2,1,109.7,2,8.68,8.5,2.0,8.0,4.0,0.0,17.52,96.75,228.4375
8,Philip Rivers,QB,36.275,9/9/2018,NFL,LAC,0,KAN,L 28-38,1,1,Sun,34,51,66.67,424,3,1,103.7,1,8.31,8.61,0.0,0.0,0.0,0.0,27.96,117.375,258.0625
9,Tom Brady,QB,41.037,9/9/2018,NFL,NWE,0,HOU,W 27-20,1,1,Sun,26,39,66.67,277,3,1,102.2,2,7.1,7.49,0.0,0.0,0.0,0.0,22.08,77.5625,226.125
10,Jared Goff,QB,23.331,9/10/2018,NFL,LAR,@,OAK,W 33-13,1,1,Mon,18,33,54.55,233,2,0,97.2,1,7.06,8.27,0.0,0.0,0.0,0.0,17.32,136.6875,222.9375
11,Kirk Cousins,QB,30.021,9/9/2018,NFL,MIN,0,SFO,W 24-16,1,1,Sun,20,36,55.56,244,2,0,95.1,3,6.78,7.89,4.0,26.0,6.5,0.0,20.36,104.75,215.6875
12,Andrew Luck,QB,28.362,9/9/2018,NFL,IND,0,CIN,L 23-34,1,1,Sun,39,53,73.58,319,2,1,93.2,2,6.02,5.92,1.0,7.0,7.0,0.0,20.46,140.3125,253.75
13,Russell Wilson,QB,29.284000000000002,9/9/2018,NFL,SEA,@,DEN,L 24-27,1,1,Sun,19,33,57.58,298,3,2,92.7,6,9.03,8.12,0.0,0.0,0.0,0.0,21.92,106.0625,225.625
14,Ryan Tannehill,QB,30.044,9/9/2018,NFL,MIA,0,TEN,W 27-20,1,1,Sun,20,28,71.43,230,2,2,89.9,1,8.21,6.43,0.0,0.0,0.0,0.0,15.200000000000005,99.5625,206.625
15,Case Keenum,QB,30.204,9/9/2018,NFL,DEN,0,SEA,W 27-24,1,1,Sun,25,39,64.1,329,3,3,84.2,1,8.44,6.51,0.0,0.0,0.0,0.0,22.16,108.125,235.6875
16,Cam Newton,QB,29.121,9/9/2018,NFL,CAR,0,DAL,W 16-8,1,1,Sun,17,26,65.38,161,0,0,82.4,3,6.19,6.19,13.0,58.0,4.46,1.0,18.24,87.0625,217.9375
17,Dak Prescott,QB,25.041999999999998,9/9/2018,NFL,DAL,@,CAR,L 8-16,1,1,Sun,19,29,65.52,170,0,0,81.1,6,5.86,5.86,5.0,19.0,3.8,0.0,8.7,98.75,239.0625
18,Mitchell Trubisky,QB,24.02,9/9/2018,NFL,CHI,@,GNB,L 23-24,1,1,Sun,23,35,65.71,171,0,0,77.2,4,4.89,4.89,7.0,32.0,4.57,1.0,16.04,117.875,207.75
19,Eli Manning,QB,37.249,9/9/2018,NFL,NYG,0,JAX,L 15-20,1,1,Sun,23,37,62.16,224,0,1,67.8,2,6.05,4.84,0.0,0.0,0.0,0.0,7.960000000000001,111.0625,191.8125
20,Blake Bortles,QB,26.134,9/9/2018,NFL,JAX,@,NYG,W 20-15,1,1,Sun,18,33,54.55,176,1,1,67.2,1,5.33,4.58,4.0,42.0,10.5,0.0,14.239999999999998,121.125,223.5625
21,Deshaun Watson,QB,22.36,9/9/2018,NFL,HOU,@,NWE,L 20-27,1,1,Sun,17,34,50.0,176,1,1,62.9,3,5.18,4.44,8.0,40.0,5.0,0.0,14.04,111.5,239.125
22,Derek Carr,QB,27.166,9/10/2018,NFL,OAK,0,LAR,L 13-33,1,1,Mon,29,40,72.5,303,0,3,62.8,1,7.58,4.2,0.0,0.0,0.0,0.0,9.12,125.25,218.75
23,Ben Roethlisberger,QB,36.191,9/9/2018,NFL,PIT,@,CLE,T 21-21,1,1,Sun,23,41,56.1,335,1,3,60.5,4,8.17,5.37,3.0,16.0,5.33,0.0,15.999999999999998,115.375,260.25
24,Sam Bradford,QB,30.305,9/9/2018,NFL,ARI,0,WAS,L 6-24,1,1,Sun,20,34,58.82,153,0,1,57.6,2,4.5,3.18,2.0,7.0,3.5,0.0,5.82,109.5,235.8125
25,Matt Ryan,QB,33.111999999999995,9/6/2018,NFL,ATL,@,PHI,L 12-18,1,1,Thu,21,43,48.84,251,0,1,57.4,4,5.84,4.79,2.0,8.0,4.0,0.0,9.840000000000002,102.8125,260.75
26,Josh Allen,QB,22.111,9/9/2018,NFL,BUF,@,BAL,L 3-47,1,1,Sun,6,15,40.0,74,0,0,56.0,3,4.93,4.93,4.0,26.0,6.5,0.0,5.5600000000000005,77.125,177.4375
27,Lamar Jackson,QB,21.245,9/9/2018,NFL,BAL,0,BUF,W 47-3,1,1,Sun,1,4,25.0,24,0,0,52.1,1,6.0,6.0,7.0,39.0,5.57,0.0,4.86,97.9375,171.25
28,Tyrod Taylor,QB,29.037,9/9/2018,NFL,CLE,0,PIT,T 21-21,1,1,Sun,15,40,37.5,197,1,1,51.8,7,4.93,4.3,8.0,77.0,9.63,1.0,24.58,91.3125,216.375
29,Nick Foles,QB,29.229,9/6/2018,NFL,PHI,0,ATL,W 18-12,1,1,Thu,19,34,55.88,117,0,1,50.7,2,3.44,2.12,0.0,0.0,0.0,0.0,3.68,125.0625,233.3125
30,Matthew Stafford,QB,30.215,9/10/2018,NFL,DET,0,NYJ,L 17-48,1,1,Mon,27,46,58.7,286,1,4,47.9,0,6.22,2.74,1.0,6.0,6.0,0.0,12.04,124.4375,228.0625
31,Blaine Gabbert,QB,28.329,9/9/2018,NFL,TEN,@,MIA,L 20-27,1,1,Sun,11,22,50.0,117,0,1,47.0,0,5.32,3.27,0.0,0.0,0.0,0.0,3.68,140.375,236.4375
32,Jimmy Garoppolo,QB,26.311,9/9/2018,NFL,SFO,@,MIN,L 16-24,1,1,Sun,15,33,45.45,261,1,3,45.1,3,7.91,4.42,2.0,6.0,3.0,0.0,12.04,98.125,177.75
33,DeShone Kizer,QB,22.249000000000002,9/9/2018,NFL,GNB,0,CHI,W 24-23,1,1,Sun,4,7,57.14,55,0,1,42.9,2,7.86,1.43,0.0,0.0,0.0,0.0,1.2000000000000002,77.8125,213.625
34,Marcus Mariota,QB,24.314,9/9/2018,NFL,TEN,@,MIA,L 20-27,1,1,Sun,9,16,56.25,103,0,2,36.2,0,6.44,0.81,3.0,15.0,5.0,0.0,3.62,140.375,236.4375
35,Matt Cassel,QB,36.116,9/10/2018,NFL,DET,0,NYJ,L 17-48,1,1,Mon,2,6,33.33,14,0,1,2.8,0,2.33,-5.17,0.0,0.0,0.0,0.0,-0.44,124.4375,228.0625
36,Nathan Peterman,QB,24.128,9/9/2018,NFL,BUF,@,BAL,L 3-47,1,1,Sun,5,18,27.78,24,0,2,0.0,3,1.33,-3.67,0.0,0.0,0.0,0.0,-1.04,77.125,177.4375
37,Patrick Mahomes,QB,22.364,9/16/2018,NFL,KAN,@,PIT,W 42-37,2,2,Sun,23,28,82.14,326,6,0,154.8,1,11.64,15.93,5.0,18.0,3.6,0.0,38.84,91.3125,216.375
38,Ryan Fitzpatrick,QB,35.296,9/16/2018,NFL,TAM,0,PHI,W 27-21,2,2,Sun,27,33,81.82,402,4,1,144.4,2,12.18,13.24,0.0,0.0,0.0,0.0,31.08,102.8125,260.75
39,Philip Rivers,QB,36.282,9/16/2018,NFL,LAC,@,BUF,W 31-20,2,2,Sun,23,27,85.19,256,3,0,143.2,2,9.48,11.7,3.0,5.0,1.67,0.0,22.74,97.9375,171.25
40,Ryan Tannehill,QB,30.051,9/16/2018,NFL,MIA,@,NYJ,W 20-12,2,2,Sun,17,23,73.91,168,2,0,123.1,4,7.3,9.04,8.0,44.0,5.5,0.0,19.12,124.4375,228.0625
41,Kirk Cousins,QB,30.028000000000002,9/16/2018,NFL,MIN,@,GNB,T 29-29,2,2,Sun,35,48,72.92,425,4,1,118.8,2,8.85,9.58,2.0,5.0,2.5,0.0,32.5,117.875,207.75
42,Jimmy Garoppolo,QB,26.318,9/16/2018,NFL,SFO,0,DET,W 30-27,2,2,Sun,18,26,69.23,206,2,0,118.4,6,7.92,9.46,0.0,0.0,0.0,0.0,16.240000000000002,105.25,224.0
43,Matt Ryan,QB,33.122,9/16/2018,NFL,ATL,0,CAR,W 31-24,2,2,Sun,23,28,82.14,272,2,1,116.1,0,9.71,9.54,4.0,18.0,4.5,2.0,31.680000000000003,98.75,239.0625
44,Drew Brees,QB,39.244,9/16/2018,NFL,NOR,0,CLE,W 21-18,2,2,Sun,28,35,80.0,243,2,0,114.6,3,6.94,8.09,0.0,0.0,0.0,0.0,17.72,115.375,260.25
45,Derek Carr,QB,27.171999999999997,9/16/2018,NFL,OAK,@,DEN,L 19-20,2,2,Sun,29,32,90.63,288,1,0,114.6,1,9.0,9.63,0.0,0.0,0.0,0.0,15.52,106.0625,225.625
46,Blake Bortles,QB,26.141,9/16/2018,NFL,JAX,0,NWE,W 31-20,2,2,Sun,29,45,64.44,376,4,1,111.0,0,8.36,9.13,6.0,35.0,5.83,0.0,33.54,111.5,239.125
47,Jared Goff,QB,23.337,9/16/2018,NFL,LAR,0,ARI,W 34-0,2,2,Sun,24,32,75.0,354,1,1,108.1,2,11.06,10.28,0.0,0.0,0.0,0.0,17.16,134.9375,198.4375
48,Andy Dalton,QB,30.31900000000001,9/13/2018,NFL,CIN,0,BAL,W 34-23,2,2,Thu,24,42,57.14,265,4,0,107.7,0,6.31,8.21,0.0,0.0,0.0,0.0,26.6,77.125,177.4375
49,Deshaun Watson,QB,23.002,9/16/2018,NFL,HOU,@,TEN,L 17-20,2,2,Sun,22,32,68.75,310,2,1,107.6,4,9.69,9.53,5.0,44.0,8.8,0.0,23.8,99.5625,206.625
50,Tom Brady,QB,41.044,9/16/2018,NFL,NWE,@,JAX,L 20-31,2,2,Sun,24,35,68.57,234,2,0,106.1,2,6.69,7.83,3.0,10.0,3.33,0.0,18.36,111.0625,191.8125
51,Cam Newton,QB,29.128,9/16/2018,NFL,CAR,@,ATL,L 24-31,2,2,Sun,32,45,71.11,335,3,1,105.3,2,7.44,7.78,5.0,42.0,8.4,0.0,28.6,125.0625,233.3125
52,Ben Roethlisberger,QB,36.198,9/16/2018,NFL,PIT,0,KAN,L 37-42,2,2,Sun,39,60,65.0,452,3,0,104.3,1,7.53,8.53,2.0,9.0,4.5,1.0,36.98,117.375,258.0625
53,Matthew Stafford,QB,30.221,9/16/2018,NFL,DET,@,SFO,L 27-30,2,2,Sun,34,53,64.15,347,3,0,101.7,2,6.55,7.68,1.0,8.0,8.0,0.0,26.680000000000003,104.75,215.6875
54,Nick Foles,QB,29.239,9/16/2018,NFL,PHI,@,TAM,L 21-27,2,2,Sun,35,48,72.92,334,1,0,98.8,3,6.96,7.38,3.0,8.0,2.67,0.0,18.16,120.6875,236.875
55,Eli Manning,QB,37.256,9/16/2018,NFL,NYG,@,DAL,L 13-20,2,2,Sun,33,44,75.0,279,1,0,98.6,6,6.34,6.8,0.0,0.0,0.0,0.0,15.16,87.0625,217.9375
56,Aaron Rodgers,QB,34.288000000000004,9/16/2018,NFL,GNB,0,MIN,T 29-29,2,2,Sun,30,42,71.43,281,1,0,97.4,4,6.69,7.17,3.0,8.0,2.67,0.0,16.04,98.125,177.75
57,Blaine Gabbert,QB,28.336,9/16/2018,NFL,TEN,0,HOU,W 20-17,2,2,Sun,13,20,65.0,117,1,0,97.3,1,5.85,6.85,0.0,0.0,0.0,0.0,8.68,77.5625,226.125
58,Dak Prescott,QB,25.049,9/16/2018,NFL,DAL,0,NYG,W 20-13,2,2,Sun,16,25,64.0,160,1,0,95.4,0,6.4,7.2,7.0,45.0,6.43,0.0,14.9,121.125,223.5625
59,Tyrod Taylor,QB,29.044,9/16/2018,NFL,CLE,@,NOR,L 18-21,2,2,Sun,22,30,73.33,246,1,1,94.6,3,8.2,7.37,4.0,26.0,6.5,0.0,15.44,76.4375,241.0625
60,Alex Smith,QB,34.132,9/16/2018,NFL,WAS,0,IND,L 9-21,2,2,Sun,33,46,71.74,292,0,0,88.3,3,6.35,6.35,4.0,14.0,3.5,0.0,13.08,96.75,228.4375
61,Russell Wilson,QB,29.291999999999998,9/17/2018,NFL,SEA,@,CHI,L 17-24,2,2,Mon,22,36,61.11,226,2,1,86.1,6,6.28,6.14,3.0,17.0,5.67,0.0,17.74,77.8125,213.625
62,Mitchell Trubisky,QB,24.028000000000002,9/17/2018,NFL,CHI,0,SEA,W 24-17,2,2,Mon,25,34,73.53,200,2,2,83.0,2,5.88,4.41,5.0,24.0,4.8,0.0,16.4,108.125,235.6875
63,Andrew Luck,QB,29.004,9/16/2018,NFL,IND,@,WAS,W 21-9,2,2,Sun,21,31,67.74,179,2,2,77.2,1,5.77,4.16,0.0,0.0,0.0,0.0,13.16,109.5,235.8125
64,Joe Flacco,QB,33.24,9/13/2018,NFL,BAL,@,CIN,L 23-34,2,2,Thu,32,55,58.18,376,2,2,76.0,4,6.84,5.93,3.0,8.0,2.67,0.0,21.84,140.3125,253.75
65,Sam Darnold,QB,21.103,9/16/2018,NFL,NYJ,0,MIA,L 12-20,2,2,Sun,25,41,60.98,334,1,2,74.6,3,8.15,6.44,0.0,0.0,0.0,0.0,15.36,140.375,236.4375
66,Josh Allen,QB,22.118000000000002,9/16/2018,NFL,BUF,0,LAC,L 20-31,2,2,Sun,18,33,54.55,245,1,2,63.3,5,7.42,5.3,8.0,32.0,4.0,0.0,15.0,98.1875,210.0625
67,Case Keenum,QB,30.211,9/16/2018,NFL,DEN,0,OAK,W 20-19,2,2,Sun,19,35,54.29,222,0,1,61.8,1,6.34,5.06,3.0,16.0,5.33,1.0,15.48,136.6875,222.9375
68,Sam Bradford,QB,30.311999999999998,9/16/2018,NFL,ARI,@,LAR,L 0-34,2,2,Sun,17,27,62.96,90,0,1,53.0,1,3.33,1.67,0.0,0.0,0.0,0.0,2.6,125.25,218.75
69,Ryan Tannehill,QB,30.058000000000003,9/23/2018,NFL,MIA,0,OAK,W 28-20,3,3,Sun,17,23,73.91,289,3,0,155.3,1,12.57,15.17,3.0,26.0,8.67,0.0,26.160000000000004,136.6875,222.9375
70,Matt Ryan,QB,33.129,9/23/2018,NFL,ATL,0,NOR,L 37-43,3,3,Sun,26,35,74.29,374,5,0,148.1,3,10.69,13.54,4.0,12.0,3.0,0.0,36.16,76.4375,241.0625
71,Eli Manning,QB,37.26300000000001,9/23/2018,NFL,NYG,@,HOU,W 27-22,3,3,Sun,25,29,86.21,297,2,0,132.3,4,10.24,11.62,0.0,0.0,0.0,0.0,19.880000000000006,77.5625,226.125
72,Jared Goff,QB,23.344,9/23/2018,NFL,LAR,0,LAC,W 35-23,3,3,Sun,29,36,80.56,354,3,1,123.8,1,9.83,10.25,3.0,14.0,4.67,0.0,26.56,98.1875,210.0625
73,Drew Brees,QB,39.251,9/23/2018,NFL,NOR,@,ATL,W 43-37,3,3,Sun,39,49,79.59,396,3,0,120.7,1,8.08,9.31,3.0,7.0,2.33,2.0,40.54,125.0625,233.3125
74,Ben Roethlisberger,QB,36.205999999999996,9/24/2018,NFL,PIT,@,TAM,W 30-27,3,3,Mon,30,38,78.95,353,3,1,120.7,3,9.29,9.68,0.0,0.0,0.0,0.0,25.12,120.6875,236.875
75,Patrick Mahomes,QB,23.006,9/23/2018,NFL,KAN,0,SFO,W 38-27,3,3,Sun,24,38,63.16,314,3,0,115.5,2,8.26,9.84,5.0,7.0,1.4,0.0,25.26,104.75,215.6875
76,Jimmy Garoppolo,QB,26.325,9/23/2018,NFL,SFO,@,KAN,L 27-38,3,3,Sun,20,30,66.67,251,2,0,114.7,4,8.37,9.7,3.0,23.0,7.67,0.0,20.34,117.375,258.0625
77,Josh Allen,QB,22.125,9/23/2018,NFL,BUF,@,MIN,W 27-6,3,3,Sun,15,22,68.18,196,1,0,111.2,3,8.91,9.82,10.0,39.0,3.9,2.0,27.74,98.125,177.75
78,Alex Smith,QB,34.139,9/23/2018,NFL,WAS,0,GNB,W 31-17,3,3,Sun,12,20,60.0,220,2,1,110.4,0,11.0,10.75,7.0,20.0,2.86,0.0,17.8,117.875,207.75
79,Russell Wilson,QB,29.298000000000002,9/23/2018,NFL,SEA,0,DAL,W 24-13,3,3,Sun,16,26,61.54,192,2,0,109.8,2,7.38,8.92,0.0,0.0,0.0,0.0,15.68,87.0625,217.9375
80,Cam Newton,QB,29.135,9/23/2018,NFL,CAR,0,CIN,W 31-21,3,3,Sun,15,24,62.5,150,2,0,108.0,1,6.25,7.92,10.0,36.0,3.6,2.0,29.6,140.3125,253.75
81,Philip Rivers,QB,36.289,9/23/2018,NFL,LAC,@,LAR,L 23-35,3,3,Sun,18,30,60.0,226,2,0,105.7,1,7.53,8.87,0.0,0.0,0.0,0.0,17.04,125.25,218.75
82,Matthew Stafford,QB,30.228,9/23/2018,NFL,DET,0,NWE,W 26-10,3,3,Sun,27,36,75.0,262,2,1,101.9,1,7.28,7.14,1.0,10.0,10.0,0.0,18.48,111.5,239.125
83,Baker Mayfield,QB,23.159000000000002,9/20/2018,NFL,CLE,0,NYJ,W 21-17,3,3,Thu,17,23,73.91,201,0,0,100.1,1,8.74,8.74,0.0,0.0,0.0,0.0,8.040000000000001,124.4375,228.0625
84,Deshaun Watson,QB,23.009,9/23/2018,NFL,HOU,0,NYG,L 22-27,3,3,Sun,24,40,60.0,385,2,1,98.4,3,9.63,9.5,5.0,36.0,7.2,0.0,26.0,121.125,223.5625
85,Aaron Rodgers,QB,34.295,9/23/2018,NFL,GNB,@,WAS,L 17-31,3,3,Sun,27,44,61.36,265,2,0,93.5,4,6.02,6.93,2.0,13.0,6.5,0.0,19.9,109.5,235.8125
86,Joe Flacco,QB,33.25,9/23/2018,NFL,BAL,0,DEN,W 27-14,3,3,Sun,25,40,62.5,277,1,0,91.4,2,6.93,7.43,0.0,0.0,0.0,0.0,15.08,106.0625,225.625
87,Sam Bradford,QB,30.31900000000001,9/23/2018,NFL,ARI,0,CHI,L 14-16,3,3,Sun,13,19,68.42,157,2,2,89.0,3,8.26,5.63,0.0,0.0,0.0,0.0,12.28,77.8125,213.625
88,Carson Wentz,QB,25.267,9/23/2018,NFL,PHI,0,IND,W 20-16,3,3,Sun,25,37,67.57,255,1,1,84.9,5,6.89,6.22,3.0,10.0,3.33,0.0,14.2,96.75,228.4375
89,Derek Carr,QB,27.179000000000002,9/23/2018,NFL,OAK,@,MIA,L 20-28,3,3,Sun,27,39,69.23,345,1,2,83.8,3,8.85,7.05,0.0,0.0,0.0,0.0,15.8,140.375,236.4375
90,Kirk Cousins,QB,30.035,9/23/2018,NFL,MIN,0,BUF,L 6-27,3,3,Sun,40,55,72.73,296,1,1,83.6,4,5.38,4.93,0.0,0.0,0.0,0.0,14.84,97.9375,171.25
91,Ryan Fitzpatrick,QB,35.304,9/24/2018,NFL,TAM,0,PIT,L 27-30,3,3,Mon,30,50,60.0,411,3,3,81.3,3,8.22,6.72,5.0,27.0,5.4,0.0,28.14,91.3125,216.375
92,Marcus Mariota,QB,24.32800000000001,9/23/2018,NFL,TEN,@,JAX,W 9-6,3,3,Sun,12,18,66.67,100,0,0,80.8,1,5.56,5.56,7.0,51.0,7.29,0.0,9.1,111.0625,191.8125
93,Andrew Luck,QB,29.011,9/23/2018,NFL,IND,@,PHI,L 16-20,3,3,Sun,25,40,62.5,164,1,0,79.6,2,4.1,4.6,1.0,33.0,33.0,0.0,13.86,102.8125,260.75
94,Mitchell Trubisky,QB,24.034000000000002,9/23/2018,NFL,CHI,@,ARI,W 16-14,3,3,Sun,24,35,68.57,220,0,1,73.5,3,6.29,5.0,2.0,8.0,4.0,0.0,8.600000000000001,134.9375,198.4375
95,Blake Bortles,QB,26.148000000000003,9/23/2018,NFL,JAX,0,TEN,L 6-9,3,3,Sun,21,34,61.76,155,0,0,72.5,3,4.56,4.56,5.0,27.0,5.4,0.0,8.9,99.5625,206.625
96,Case Keenum,QB,30.218000000000004,9/23/2018,NFL,DEN,@,BAL,L 14-27,3,3,Sun,22,34,64.71,192,0,1,67.3,3,5.65,4.32,0.0,0.0,0.0,0.0,6.68,77.125,177.4375
97,Tom Brady,QB,41.051,9/23/2018,NFL,NWE,@,DET,L 10-26,3,3,Sun,14,26,53.85,133,1,1,65.1,2,5.12,4.15,0.0,0.0,0.0,0.0,8.32,105.25,224.0
98,Andy Dalton,QB,30.329,9/23/2018,NFL,CIN,@,CAR,L 21-31,3,3,Sun,29,46,63.04,352,2,4,64.8,2,7.65,4.61,0.0,0.0,0.0,0.0,18.08,98.75,239.0625
99,Dak Prescott,QB,25.055999999999997,9/23/2018,NFL,DAL,@,SEA,L 13-24,3,3,Sun,19,34,55.88,168,1,2,54.5,5,4.94,2.88,2.0,21.0,10.5,0.0,10.82,108.125,235.6875
100,Blaine Gabbert,QB,28.343000000000004,9/23/2018,NFL,TEN,@,JAX,W 9-6,3,3,Sun,1,3,33.33,8,0,0,42.4,2,2.67,2.67,0.0,0.0,0.0,0.0,0.32,111.0625,191.8125
101,Jacoby Brissett,QB,25.285999999999998,9/23/2018,NFL,IND,@,PHI,L 16-20,3,3,Sun,0,1,0.0,0,0,0,39.6,0,0.0,0.0,0.0,0.0,0.0,0.0,0.0,102.8125,260.75
102,Tyrod Taylor,QB,29.048000000000002,9/20/2018,NFL,CLE,0,NYJ,W 21-17,3,3,Thu,4,14,28.57,19,0,0,39.6,3,1.36,1.36,4.0,22.0,5.5,0.0,2.96,124.4375,228.0625
103,Sam Darnold,QB,21.107,9/20/2018,NFL,NYJ,@,CLE,L 17-21,3,3,Thu,15,31,48.39,169,0,2,38.2,2,5.45,2.55,0.0,0.0,0.0,0.0,4.76,115.375,260.25
104,Josh Rosen,QB,21.225,9/23/2018,NFL,ARI,0,CHI,L 14-16,3,3,Sun,4,7,57.14,36,0,1,31.5,1,5.14,-1.29,1.0,12.0,12.0,0.0,1.64,77.8125,213.625
105,Jared Goff,QB,23.34800000000001,9/27/2018,NFL,LAR,0,MIN,W 38-31,4,4,Thu,26,33,78.79,465,5,0,158.3,1,14.09,17.12,2.0,7.0,3.5,0.0,39.3,98.125,177.75
106,Mitchell Trubisky,QB,24.041,9/30/2018,NFL,CHI,0,TAM,W 48-10,4,4,Sun,19,26,73.08,354,6,0,154.6,1,13.62,18.23,3.0,53.0,17.67,0.0,43.46,120.6875,236.875
107,Brock Osweiler,QB,27.311999999999998,9/30/2018,NFL,MIA,@,NWE,L 7-38,4,4,Sun,4,5,80.0,35,1,0,135.4,0,7.0,11.0,1.0,7.0,7.0,0.0,6.1000000000000005,111.5,239.125
108,Matt Ryan,QB,33.135999999999996,9/30/2018,NFL,ATL,0,CIN,L 36-37,4,4,Sun,29,39,74.36,419,3,0,134.5,3,10.74,12.28,2.0,5.0,2.5,0.0,29.26,140.3125,253.75
109,Matthew Stafford,QB,30.235,9/30/2018,NFL,DET,@,DAL,L 24-26,4,4,Sun,24,30,80.0,307,2,0,131.5,3,10.23,11.57,2.0,5.0,2.5,0.0,20.78,87.0625,217.9375
110,Dak Prescott,QB,25.063000000000002,9/30/2018,NFL,DAL,0,DET,W 26-24,4,4,Sun,17,27,62.96,255,2,0,118.6,3,9.44,10.93,0.0,0.0,0.0,0.0,18.200000000000006,105.25,224.0
111,Kirk Cousins,QB,30.039,9/27/2018,NFL,MIN,@,LAR,L 31-38,4,4,Thu,36,50,72.0,422,3,0,117.2,4,8.44,9.64,4.0,28.0,7.0,0.0,31.68,125.25,218.75
112,Blake Bortles,QB,26.155,9/30/2018,NFL,JAX,0,NYJ,W 31-12,4,4,Sun,29,38,76.32,388,2,1,114.8,2,10.21,10.08,3.0,28.0,9.33,0.0,25.32,124.4375,228.0625
113,Andy Dalton,QB,30.336,9/30/2018,NFL,CIN,@,ATL,W 37-36,4,4,Sun,29,41,70.73,337,3,1,109.5,3,8.22,8.59,2.0,13.0,6.5,0.0,25.78,125.0625,233.3125
114,Joe Flacco,QB,33.257,9/30/2018,NFL,BAL,@,PIT,W 26-14,4,4,Sun,28,42,66.67,363,2,0,109.5,2,8.64,9.6,0.0,0.0,0.0,0.0,22.52,91.3125,216.375
115,Andrew Luck,QB,29.018,9/30/2018,NFL,IND,0,HOU,L 34-37,4,4,Sun,40,62,64.52,464,4,0,108.5,4,7.48,8.77,3.0,11.0,3.67,0.0,35.66000000000001,77.5625,226.125
116,Deshaun Watson,QB,23.016,9/30/2018,NFL,HOU,@,IND,W 37-34,4,4,Sun,29,42,69.05,375,2,1,102.8,7,8.93,8.81,6.0,41.0,6.83,1.0,32.1,96.75,228.4375
117,Marcus Mariota,QB,24.335,9/30/2018,NFL,TEN,0,PHI,W 26-23,4,4,Sun,30,43,69.77,344,2,1,99.4,3,8.0,7.88,10.0,46.0,4.6,1.0,31.36,102.8125,260.75
118,Carson Wentz,QB,25.274,9/30/2018,NFL,PHI,@,TEN,L 23-26,4,4,Sun,33,50,66.0,348,2,0,99.4,4,6.96,7.76,2.0,8.0,4.0,0.0,22.72,99.5625,206.625
119,Eli Manning,QB,37.27,9/30/2018,NFL,NYG,0,NOR,L 18-33,4,4,Sun,31,41,75.61,255,1,0,99.1,3,6.22,6.71,2.0,5.0,2.5,0.0,14.7,76.4375,241.0625
120,Philip Rivers,QB,36.296,9/30/2018,NFL,LAC,0,SFO,W 29-27,4,4,Sun,25,39,64.1,250,3,1,97.2,1,6.41,6.79,0.0,0.0,0.0,0.0,21.0,104.75,215.6875
121,Tom Brady,QB,41.058,9/30/2018,NFL,NWE,0,MIA,W 38-7,4,4,Sun,23,35,65.71,274,3,2,94.2,0,7.83,6.97,0.0,0.0,0.0,0.0,20.96,140.375,236.4375
122,Derek Carr,QB,27.186,9/30/2018,NFL,OAK,0,CLE,W 45-42,4,4,Sun,35,58,60.34,437,4,2,92.4,3,7.53,7.36,0.0,0.0,0.0,0.0,31.480000000000004,115.375,260.25
123,Russell Wilson,QB,29.305,9/30/2018,NFL,SEA,@,ARI,W 20-17,4,4,Sun,19,26,73.08,172,0,0,90.5,2,6.62,6.62,4.0,21.0,5.25,0.0,8.98,134.9375,198.4375
124,Patrick Mahomes,QB,23.014,10/1/2018,NFL,KAN,@,DEN,W 27-23,4,4,Mon,28,45,62.22,304,1,0,89.5,1,6.76,7.2,3.0,7.0,2.33,1.0,22.86,106.0625,225.625
125,Josh Rosen,QB,21.232,9/30/2018,NFL,ARI,0,SEA,L 17-20,4,4,Sun,15,27,55.56,180,1,0,88.5,1,6.67,7.41,2.0,13.0,6.5,0.0,12.5,108.125,235.6875
126,C.J. Beathard,QB,24.318,9/30/2018,NFL,SFO,@,LAC,L 27-29,4,4,Sun,23,37,62.16,298,2,2,82.9,1,8.05,6.7,7.0,19.0,2.71,0.0,19.82,98.1875,210.0625
127,Drew Brees,QB,39.258,9/30/2018,NFL,NOR,@,NYG,W 33-18,4,4,Sun,18,32,56.25,217,0,0,77.2,1,6.78,6.78,0.0,0.0,0.0,0.0,8.68,121.125,223.5625
128,Aaron Rodgers,QB,34.302,9/30/2018,NFL,GNB,0,BUF,W 22-0,4,4,Sun,22,40,55.0,298,1,1,76.9,2,7.45,6.83,5.0,31.0,6.2,0.0,18.02,97.9375,171.25
129,Sam Darnold,QB,21.116999999999997,9/30/2018,NFL,NYJ,@,JAX,L 12-31,4,4,Sun,17,34,50.0,167,1,0,74.0,3,4.91,5.5,2.0,8.0,4.0,0.0,11.48,111.0625,191.8125
130,Jameis Winston,QB,24.267,9/30/2018,NFL,TAM,@,CHI,L 10-48,4,4,Sun,16,20,80.0,145,1,2,74.0,2,7.25,3.75,1.0,7.0,7.0,0.0,8.5,77.8125,213.625
131,Case Keenum,QB,30.226,10/1/2018,NFL,DEN,0,KAN,L 23-27,4,4,Mon,21,33,63.64,245,0,1,73.4,4,7.42,6.06,0.0,0.0,0.0,0.0,8.8,117.375,258.0625
132,Ben Roethlisberger,QB,36.211999999999996,9/30/2018,NFL,PIT,0,BAL,L 14-26,4,4,Sun,27,47,57.45,274,1,1,72.5,1,5.83,5.3,0.0,0.0,0.0,0.0,13.96,77.125,177.4375
133,Baker Mayfield,QB,23.169,9/30/2018,NFL,CLE,@,OAK,L 42-45,4,4,Sun,21,41,51.22,295,2,2,70.7,2,7.2,5.98,4.0,10.0,2.5,0.0,18.8,136.6875,222.9375
134,Taysom Hill,QB,28.038,9/30/2018,NFL,NOR,@,NYG,W 33-18,4,4,Sun,1,2,50.0,10,0,0,64.6,0,5.0,5.0,4.0,28.0,7.0,0.0,3.2,121.125,223.5625
135,Ryan Fitzpatrick,QB,35.31,9/30/2018,NFL,TAM,@,CHI,L 10-48,4,4,Sun,9,18,50.0,126,0,1,49.8,2,7.0,4.5,0.0,0.0,0.0,0.0,4.04,77.8125,213.625
136,Ryan Tannehill,QB,30.065,9/30/2018,NFL,MIA,@,NWE,L 7-38,4,4,Sun,11,20,55.0,100,0,1,47.9,2,5.0,2.75,0.0,0.0,0.0,0.0,3.0,111.5,239.125
137,Josh Allen,QB,22.131999999999998,9/30/2018,NFL,BUF,@,GNB,L 0-22,4,4,Sun,16,33,48.48,151,0,2,36.3,7,4.58,1.85,5.0,19.0,3.8,0.0,5.94,117.875,207.75
138,Drew Brees,QB,39.266,10/8/2018,NFL,NOR,0,WAS,W 43-19,5,5,Mon,26,29,89.66,363,3,0,153.2,2,12.52,14.59,2.0,1.0,0.5,0.0,26.62,109.5,235.8125
139,Philip Rivers,QB,36.303000000000004,10/7/2018,NFL,LAC,0,OAK,W 26-10,5,5,Sun,22,27,81.48,339,2,0,143.4,1,12.56,14.04,0.0,0.0,0.0,0.0,21.56,136.6875,222.9375
140,Russell Wilson,QB,29.311999999999998,10/7/2018,NFL,SEA,0,LAR,L 31-33,5,5,Sun,13,21,61.9,198,3,0,132.5,2,9.43,12.29,0.0,0.0,0.0,0.0,19.92,125.25,218.75
141,Carson Wentz,QB,25.281,10/7/2018,NFL,PHI,0,MIN,L 21-23,5,5,Sun,24,35,68.57,311,2,0,115.3,3,8.89,10.03,5.0,26.0,5.2,0.0,23.04,98.125,177.75
142,Ben Roethlisberger,QB,36.219,10/7/2018,NFL,PIT,0,ATL,W 41-17,5,5,Sun,19,29,65.52,250,3,1,112.7,0,8.62,9.14,2.0,16.0,8.0,0.0,22.6,125.0625,233.3125
143,Kirk Cousins,QB,30.049,10/7/2018,NFL,MIN,@,PHI,W 23-21,5,5,Sun,30,37,81.08,301,1,0,109.6,1,8.14,8.68,5.0,1.0,0.2,0.0,16.14,102.8125,260.75
144,Aaron Rodgers,QB,34.309,10/7/2018,NFL,GNB,@,DET,L 23-31,5,5,Sun,32,52,61.54,442,3,0,108.0,4,8.5,9.65,3.0,10.0,3.33,0.0,30.68,105.25,224.0
145,Tom Brady,QB,41.062,10/4/2018,NFL,NWE,0,IND,W 38-24,5,5,Thu,34,44,77.27,341,3,2,102.6,0,7.75,7.07,0.0,0.0,0.0,0.0,23.64,96.75,228.4375
146,Matthew Stafford,QB,30.241999999999997,10/7/2018,NFL,DET,0,GNB,W 31-23,5,5,Sun,14,26,53.85,183,2,0,101.9,3,7.04,8.58,0.0,0.0,0.0,0.0,15.32,117.875,207.75
147,Matt Ryan,QB,33.143,10/7/2018,NFL,ATL,@,PIT,L 17-41,5,5,Sun,26,38,68.42,285,1,0,99.1,6,7.5,8.03,1.0,10.0,10.0,0.0,16.4,91.3125,216.375
148,Deshaun Watson,QB,23.023000000000003,10/7/2018,NFL,HOU,0,DAL,W 19-16,5,5,Sun,33,44,75.0,375,1,1,98.2,1,8.52,7.95,10.0,40.0,4.0,0.0,22.0,87.0625,217.9375
149,Sam Darnold,QB,21.124000000000002,10/7/2018,NFL,NYJ,0,DEN,W 34-16,5,5,Sun,10,22,45.45,198,3,1,98.1,1,9.0,9.68,3.0,5.0,1.67,0.0,19.42,106.0625,225.625
150,Case Keenum,QB,30.232,10/7/2018,NFL,DEN,@,NYJ,L 16-34,5,5,Sun,35,51,68.63,377,2,1,95.0,4,7.39,7.29,0.0,0.0,0.0,0.0,22.08,124.4375,228.0625
151,Derek Carr,QB,27.193,10/7/2018,NFL,OAK,@,LAC,L 10-26,5,5,Sun,24,33,72.73,268,1,1,94.0,3,8.12,7.36,1.0,5.0,5.0,0.0,14.22,98.1875,210.0625
152,Andy Dalton,QB,30.343000000000004,10/7/2018,NFL,CIN,0,MIA,W 27-17,5,5,Sun,20,30,66.67,248,1,1,89.3,2,8.27,7.43,4.0,10.0,2.5,0.0,13.92,140.375,236.4375
153,Jared Goff,QB,23.358,10/7/2018,NFL,LAR,@,SEA,W 33-31,5,5,Sun,23,32,71.88,321,1,2,88.2,1,10.03,7.84,5.0,15.0,3.0,0.0,16.34,108.125,235.6875
154,Eli Manning,QB,37.277,10/7/2018,NFL,NYG,@,CAR,L 31-33,5,5,Sun,22,36,61.11,326,2,2,86.1,1,9.06,7.67,1.0,2.0,2.0,0.0,19.24,98.75,239.0625
155,Andrew Luck,QB,29.022,10/4/2018,NFL,IND,@,NWE,L 24-38,5,5,Thu,38,59,64.41,365,3,2,84.4,1,6.19,5.68,0.0,0.0,0.0,0.0,24.6,111.5,239.125
156,Baker Mayfield,QB,23.176,10/7/2018,NFL,CLE,0,BAL,W 12-9,5,5,Sun,25,43,58.14,342,1,1,81.7,5,7.95,7.37,2.0,23.0,11.5,0.0,18.98,77.125,177.4375
157,C.J. Beathard,QB,24.325,10/7/2018,NFL,SFO,0,ARI,L 18-28,5,5,Sun,34,54,62.96,349,2,2,78.4,4,6.46,5.54,2.0,7.0,3.5,1.0,26.66,134.9375,198.4375
158,Josh Rosen,QB,21.239,10/7/2018,NFL,ARI,@,SFO,W 28-18,5,5,Sun,10,25,40.0,170,1,0,77.1,1,6.8,7.6,0.0,0.0,0.0,0.0,10.8,104.75,215.6875
159,Cam Newton,QB,29.149,10/7/2018,NFL,CAR,0,NYG,W 33-31,4,5,Sun,21,35,60.0,237,2,2,75.5,1,6.77,5.34,8.0,29.0,3.63,0.0,18.380000000000006,121.125,223.5625
160,Matt Schaub,QB,37.104,10/7/2018,NFL,ATL,@,PIT,L 17-41,5,5,Sun,5,7,71.43,20,0,0,74.1,0,2.86,2.86,0.0,0.0,0.0,0.0,0.8,91.3125,216.375
161,Alex Smith,QB,34.154,10/8/2018,NFL,WAS,@,NOR,L 19-43,4,5,Mon,23,39,58.97,275,0,1,69.9,3,7.05,5.9,2.0,7.0,3.5,1.0,16.7,76.4375,241.0625
162,Dak Prescott,QB,25.07,10/7/2018,NFL,DAL,@,HOU,L 16-19,5,5,Sun,18,29,62.07,208,1,2,66.5,2,7.17,4.76,6.0,34.0,5.67,0.0,13.72,77.5625,226.125
163,Patrick Mahomes,QB,23.02,10/7/2018,NFL,KAN,0,JAX,W 30-14,5,5,Sun,22,38,57.89,313,0,2,62.7,1,8.24,5.87,4.0,13.0,3.25,1.0,17.82,111.0625,191.8125
164,Joe Flacco,QB,33.264,10/7/2018,NFL,BAL,@,CLE,L 9-12,5,5,Sun,29,56,51.79,298,0,1,60.0,2,5.32,4.52,2.0,13.0,6.5,0.0,12.22,115.375,260.25
165,Ryan Tannehill,QB,30.072,10/7/2018,NFL,MIA,@,CIN,L 17-27,5,5,Sun,20,35,57.14,185,1,2,57.4,3,5.29,3.29,3.0,17.0,5.67,0.0,11.1,140.3125,253.75
166,Blake Bortles,QB,26.162,10/7/2018,NFL,JAX,@,KAN,L 14-30,5,5,Sun,33,61,54.1,430,1,4,54.7,5,7.05,4.43,4.0,34.0,8.5,1.0,26.6,117.375,258.0625
167,Marcus Mariota,QB,24.342,10/7/2018,NFL,TEN,@,BUF,L 12-13,5,5,Sun,14,26,53.85,129,0,1,51.6,2,4.96,3.23,2.0,10.0,5.0,0.0,5.16,97.9375,171.25
168,Josh Allen,QB,22.139,10/7/2018,NFL,BUF,0,TEN,W 13-12,5,5,Sun,10,19,52.63,82,0,1,42.0,1,4.32,1.95,4.0,19.0,4.75,1.0,10.18,99.5625,206.625
169,Lamar Jackson,QB,21.273000000000003,10/7/2018,NFL,BAL,@,CLE,L 9-12,5,5,Sun,0,1,0.0,0,0,0,39.6,0,0.0,0.0,3.0,10.0,3.33,0.0,1.0,115.375,260.25
170,Matt Ryan,QB,33.15,10/14/2018,NFL,ATL,0,TAM,W 34-29,6,6,Sun,31,41,75.61,355,3,0,125.6,1,8.66,10.12,1.0,13.0,13.0,0.0,27.500000000000004,120.6875,236.875
171,Russell Wilson,QB,29.31900000000001,10/14/2018,NFL,SEA,@,OAK,W 27-3,6,6,Sun,17,23,73.91,222,3,1,125.4,1,9.65,10.3,6.0,20.0,3.33,0.0,21.88000000000001,136.6875,222.9375
172,Mitchell Trubisky,QB,24.055,10/14/2018,NFL,CHI,@,MIA,L 28-31,5,6,Sun,22,31,70.97,316,3,1,122.5,2,10.19,10.68,8.0,47.0,5.88,0.0,28.34,140.375,236.4375
173,Carson Wentz,QB,25.285,10/11/2018,NFL,PHI,@,NYG,W 34-13,6,6,Thu,26,36,72.22,278,3,0,122.2,1,7.72,9.39,2.0,14.0,7.0,0.0,24.52,121.125,223.5625
174,Jameis Winston,QB,24.281,10/14/2018,NFL,TAM,@,ATL,L 29-34,5,6,Sun,30,41,73.17,395,4,2,115.4,2,9.63,9.39,5.0,29.0,5.8,0.0,32.7,125.0625,233.3125
175,C.J. Beathard,QB,24.333000000000002,10/15/2018,NFL,SFO,@,GNB,L 30-33,6,6,Mon,16,23,69.57,245,2,1,115.3,2,10.65,10.43,3.0,21.0,7.0,0.0,18.9,117.875,207.75
176,Sam Darnold,QB,21.131,10/14/2018,NFL,NYJ,0,IND,W 42-34,6,6,Sun,24,30,80.0,280,2,1,113.9,2,9.33,9.17,6.0,8.0,1.33,0.0,19.000000000000004,96.75,228.4375
177,Patrick Mahomes,QB,23.026999999999997,10/14/2018,NFL,KAN,@,NWE,L 40-43,6,6,Sun,23,36,63.89,352,4,2,110.0,0,9.78,9.5,2.0,9.0,4.5,0.0,28.98,111.5,239.125
178,Tom Brady,QB,41.071999999999996,10/14/2018,NFL,NWE,0,KAN,W 43-40,6,6,Sun,24,35,68.57,340,1,0,109.2,2,9.71,10.29,0.0,0.0,0.0,0.0,17.6,117.375,258.0625
179,Dak Prescott,QB,25.076999999999998,10/14/2018,NFL,DAL,0,JAX,W 40-7,6,6,Sun,17,27,62.96,183,2,0,107.5,3,6.78,8.26,11.0,82.0,7.45,1.0,29.520000000000003,111.0625,191.8125
180,Philip Rivers,QB,36.31,10/14/2018,NFL,LAC,@,CLE,W 38-14,6,6,Sun,11,20,55.0,207,2,1,103.5,1,10.35,10.1,0.0,0.0,0.0,0.0,15.28,115.375,260.25
181,Ben Roethlisberger,QB,36.226,10/14/2018,NFL,PIT,@,CIN,W 28-21,6,6,Sun,32,46,69.57,369,1,0,100.7,0,8.02,8.46,0.0,0.0,0.0,0.0,18.76,140.3125,253.75
182,Aaron Rodgers,QB,34.317,10/15/2018,NFL,GNB,0,SFO,W 33-30,6,6,Mon,25,46,54.35,425,2,0,100.4,3,9.24,10.11,3.0,34.0,11.33,0.0,28.4,104.75,215.6875
183,Geno Smith,QB,28.004,10/14/2018,NFL,LAC,@,CLE,W 38-14,6,6,Sun,1,1,100.0,8,0,0,100.0,0,8.0,8.0,0.0,0.0,0.0,0.0,0.32,115.375,260.25
184,Brock Osweiler,QB,27.326,10/14/2018,NFL,MIA,0,CHI,W 31-28,6,6,Sun,28,44,63.64,380,3,2,94.9,0,8.64,7.95,2.0,8.0,4.0,0.0,26.000000000000004,77.8125,213.625
185,Cam Newton,QB,29.156,10/14/2018,NFL,CAR,@,WAS,L 17-23,5,6,Sun,27,40,67.5,275,2,1,93.2,1,6.88,6.75,9.0,43.0,4.78,0.0,22.3,109.5,235.8125
186,Andy Dalton,QB,30.35,10/14/2018,NFL,CIN,0,PIT,L 21-28,6,6,Sun,26,42,61.9,229,2,0,92.3,3,5.45,6.4,0.0,0.0,0.0,0.0,17.16,91.3125,216.375
187,Case Keenum,QB,30.239,10/14/2018,NFL,DEN,0,LAR,L 20-23,6,6,Sun,25,41,60.98,322,2,1,91.7,2,7.85,7.73,1.0,6.0,6.0,0.0,20.480000000000004,125.25,218.75
188,Marcus Mariota,QB,24.349,10/14/2018,NFL,TEN,0,BAL,L 0-21,6,6,Sun,10,15,66.67,117,0,0,90.1,11,7.8,7.8,2.0,25.0,12.5,0.0,7.18,77.125,177.4375
189,Alex Smith,QB,34.16,10/14/2018,NFL,WAS,0,CAR,W 23-17,5,6,Sun,21,36,58.33,163,2,0,88.1,3,4.53,5.64,6.0,13.0,2.17,0.0,15.82,98.75,239.0625
190,Kirk Cousins,QB,30.055999999999997,10/14/2018,NFL,MIN,0,ARI,W 27-17,6,6,Sun,24,34,70.59,233,1,1,87.0,4,6.85,6.12,4.0,14.0,3.5,1.0,19.72,134.9375,198.4375
191,Derek Carr,QB,27.2,10/14/2018,NFL,OAK,0,SEA,L 3-27,6,6,Sun,23,31,74.19,142,0,0,83.0,6,4.58,4.58,4.0,31.0,7.75,0.0,8.78,108.125,235.6875
192,Joe Flacco,QB,33.271,10/14/2018,NFL,BAL,@,TEN,W 21-0,6,6,Sun,25,37,67.57,238,1,1,82.9,0,6.43,5.76,3.0,4.0,1.33,0.0,12.92,99.5625,206.625
193,Andrew Luck,QB,29.031999999999996,10/14/2018,NFL,IND,@,NYJ,L 34-42,6,6,Sun,23,43,53.49,301,4,3,77.8,0,7.0,5.72,2.0,7.0,3.5,0.0,25.74,124.4375,228.0625
194,Josh Rosen,QB,21.246,10/14/2018,NFL,ARI,@,MIN,L 17-27,6,6,Sun,21,31,67.74,240,0,1,77.4,4,7.74,6.29,0.0,0.0,0.0,0.0,8.6,98.125,177.75
195,Josh Allen,QB,22.146,10/14/2018,NFL,BUF,@,HOU,L 13-20,6,6,Sun,10,17,58.82,84,0,0,71.7,2,4.94,4.94,4.0,20.0,5.0,0.0,5.359999999999999,77.5625,226.125
196,Blake Bortles,QB,26.169,10/14/2018,NFL,JAX,@,DAL,L 7-40,6,6,Sun,15,26,57.69,149,1,1,70.8,3,5.73,4.77,4.0,22.0,5.5,0.0,11.16,87.0625,217.9375
197,Eli Manning,QB,37.281,10/11/2018,NFL,NYG,0,PHI,L 13-34,6,6,Thu,24,43,55.81,281,0,1,66.1,4,6.53,5.49,0.0,0.0,0.0,0.0,10.24,102.8125,260.75
198,Deshaun Watson,QB,23.03,10/14/2018,NFL,HOU,0,BUF,W 20-13,6,6,Sun,15,25,60.0,177,1,2,61.6,7,7.08,4.28,0.0,0.0,0.0,0.0,9.08,97.9375,171.25
199,Jared Goff,QB,24.0,10/14/2018,NFL,LAR,@,DEN,W 23-20,6,6,Sun,14,28,50.0,201,0,1,58.8,5,7.18,5.57,4.0,14.0,3.5,0.0,8.440000000000001,106.0625,225.625
200,Nathan Peterman,QB,24.163,10/14/2018,NFL,BUF,@,HOU,L 13-20,6,6,Sun,6,12,50.0,61,1,2,53.1,0,5.08,-0.75,0.0,0.0,0.0,0.0,4.44,77.5625,226.125
201,Baker Mayfield,QB,23.183000000000003,10/14/2018,NFL,CLE,0,LAC,L 14-38,6,6,Sun,22,46,47.83,238,1,2,52.6,5,5.17,3.65,2.0,8.0,4.0,0.0,12.32,98.1875,210.0625
202,Matthew Stafford,QB,30.256,10/21/2018,NFL,DET,@,MIA,W 32-21,6,7,Sun,18,22,81.82,217,2,0,138.1,1,9.86,11.68,4.0,9.0,2.25,0.0,17.58,140.375,236.4375
203,Philip Rivers,QB,36.317,10/21/2018,NFL,LAC,0,TEN,W 20-19,7,7,Sun,19,26,73.08,306,2,0,137.7,2,11.77,13.31,0.0,0.0,0.0,0.0,20.24,99.5625,206.625
204,Andrew Luck,QB,29.039,10/21/2018,NFL,IND,0,BUF,W 37-5,7,7,Sun,17,23,73.91,156,4,0,131.5,0,6.78,10.26,3.0,5.0,1.67,0.0,22.74,97.9375,171.25
205,Jared Goff,QB,24.006999999999998,10/21/2018,NFL,LAR,@,SFO,W 39-10,7,7,Sun,18,24,75.0,202,2,0,127.4,1,8.42,10.08,3.0,4.0,1.33,0.0,16.479999999999997,104.75,215.6875
206,Patrick Mahomes,QB,23.034000000000002,10/21/2018,NFL,KAN,0,CIN,W 45-10,7,7,Sun,28,39,71.79,358,4,1,123.7,2,9.18,10.08,4.0,45.0,11.25,0.0,33.82,140.3125,253.75
207,Carson Wentz,QB,25.295,10/21/2018,NFL,PHI,0,CAR,L 17-21,7,7,Sun,30,37,81.08,310,2,0,119.6,4,8.38,9.46,3.0,3.0,1.0,0.0,20.7,98.75,239.0625
208,Matt Ryan,QB,33.158,10/22/2018,NFL,ATL,0,NYG,W 23-20,7,7,Mon,31,39,79.49,379,1,0,115.7,3,9.72,10.23,0.0,0.0,0.0,0.0,19.16,121.125,223.5625
209,Drew Brees,QB,39.279,10/21/2018,NFL,NOR,@,BAL,W 24-23,6,7,Sun,22,30,73.33,212,2,0,114.9,1,7.07,8.4,4.0,3.0,0.75,0.0,16.78,77.125,177.4375
210,Brock Osweiler,QB,27.333000000000002,10/21/2018,NFL,MIA,0,DET,L 21-32,7,7,Sun,22,31,70.97,239,2,0,114.9,4,7.71,9.0,0.0,0.0,0.0,0.0,17.560000000000002,105.25,224.0
211,Eli Manning,QB,37.292,10/22/2018,NFL,NYG,@,ATL,L 20-23,7,7,Mon,27,38,71.05,399,1,0,113.8,4,10.5,11.03,3.0,7.0,2.33,0.0,20.66,125.0625,233.3125
212,Tom Brady,QB,41.07899999999999,10/21/2018,NFL,NWE,@,CHI,W 38-31,7,7,Sun,25,36,69.44,277,3,1,108.2,1,7.69,8.11,1.0,6.0,6.0,0.0,22.68,77.8125,213.625
213,Jeff Driskel,QB,25.180999999999997,10/21/2018,NFL,CIN,@,KAN,L 10-45,7,7,Sun,4,4,100.0,39,0,0,107.3,0,9.75,9.75,1.0,5.0,5.0,0.0,2.06,117.375,258.0625
214,Baker Mayfield,QB,23.19,10/21/2018,NFL,CLE,@,TAM,L 23-26,7,7,Sun,23,34,67.65,215,2,0,104.4,5,6.32,7.5,4.0,43.0,10.75,0.0,20.9,120.6875,236.875
215,Cam Newton,QB,29.163,10/21/2018,NFL,CAR,@,PHI,W 21-17,6,7,Sun,25,39,64.1,269,2,0,101.3,2,6.9,7.92,7.0,49.0,7.0,0.0,23.66,102.8125,260.75
216,Joe Flacco,QB,33.278,10/21/2018,NFL,BAL,0,NOR,L 23-24,7,7,Sun,23,39,58.97,279,2,0,98.1,1,7.15,8.18,1.0,4.0,4.0,0.0,19.56,76.4375,241.0625
217,Dak Prescott,QB,25.084,10/21/2018,NFL,DAL,@,WAS,L 17-20,7,7,Sun,22,35,62.86,273,1,0,96.5,4,7.8,8.37,6.0,33.0,5.5,1.0,24.22,109.5,235.8125
218,Kirk Cousins,QB,30.063000000000002,10/21/2018,NFL,MIN,@,NYJ,W 37-17,7,7,Sun,25,40,62.5,241,2,0,95.9,1,6.03,7.03,0.0,0.0,0.0,0.0,17.64,124.4375,228.0625
219,Marcus Mariota,QB,24.355999999999998,10/21/2018,NFL,TEN,@,LAC,L 19-20,7,7,Sun,24,32,75.0,237,1,1,92.8,2,7.41,6.63,7.0,38.0,5.43,0.0,16.28,98.1875,210.0625
220,Alex Smith,QB,34.167,10/21/2018,NFL,WAS,0,DAL,W 20-17,6,7,Sun,14,25,56.0,178,1,0,91.7,1,7.12,7.92,4.0,16.0,4.0,0.0,12.72,87.0625,217.9375
221,Lamar Jackson,QB,21.287,10/21/2018,NFL,BAL,0,NOR,L 23-24,7,7,Sun,1,1,100.0,5,0,0,87.5,0,5.0,5.0,3.0,9.0,3.0,1.0,7.1,76.4375,241.0625
222,Case Keenum,QB,30.243000000000002,10/18/2018,NFL,DEN,@,ARI,W 45-10,7,7,Thu,14,21,66.67,161,1,1,85.6,2,7.67,6.48,4.0,4.0,1.0,0.0,9.840000000000002,134.9375,198.4375
223,Deshaun Watson,QB,23.037,10/21/2018,NFL,HOU,@,JAX,W 20-7,7,7,Sun,12,24,50.0,139,1,0,81.8,1,5.79,6.63,7.0,13.0,1.86,0.0,10.86,111.0625,191.8125
224,Cody Kessler,QB,25.163,10/21/2018,NFL,JAX,0,HOU,L 7-20,7,7,Sun,21,30,70.0,156,1,1,79.3,4,5.2,4.37,2.0,8.0,4.0,0.0,10.04,77.5625,226.125
225,Mitchell Trubisky,QB,24.061999999999998,10/21/2018,NFL,CHI,0,NWE,L 31-38,6,7,Sun,26,50,52.0,333,2,2,69.8,2,6.66,5.66,6.0,81.0,13.5,1.0,33.42,111.5,239.125
226,Jameis Winston,QB,24.288,10/21/2018,NFL,TAM,0,CLE,W 26-23,6,7,Sun,32,52,61.54,365,0,2,66.6,4,7.02,5.29,10.0,55.0,5.5,1.0,24.1,115.375,260.25
227,Blake Bortles,QB,26.176,10/21/2018,NFL,JAX,0,HOU,L 7-20,7,7,Sun,6,12,50.0,61,0,0,64.9,0,5.08,5.08,6.0,30.0,5.0,0.0,5.44,77.5625,226.125
228,Andy Dalton,QB,30.357,10/21/2018,NFL,CIN,@,KAN,L 10-45,7,7,Sun,15,29,51.72,148,1,1,63.6,2,5.1,4.24,0.0,0.0,0.0,0.0,8.92,117.375,258.0625
229,C.J. Beathard,QB,24.339000000000002,10/21/2018,NFL,SFO,0,LAR,L 10-39,7,7,Sun,15,27,55.56,170,1,2,56.1,7,6.3,3.7,2.0,13.0,6.5,0.0,10.1,125.25,218.75
230,Josh Rosen,QB,21.25,10/18/2018,NFL,ARI,0,DEN,L 10-45,7,7,Thu,21,39,53.85,194,1,3,44.2,6,4.97,2.03,1.0,14.0,14.0,0.0,10.16,106.0625,225.625
231,Derek Anderson,QB,35.128,10/21/2018,NFL,BUF,@,IND,L 5-37,7,7,Sun,20,31,64.52,175,0,3,39.8,2,5.65,1.29,0.0,0.0,0.0,0.0,4.0,96.75,228.4375
232,Sam Darnold,QB,21.138,10/21/2018,NFL,NYJ,0,MIN,L 17-37,7,7,Sun,17,42,40.48,206,1,3,34.4,3,4.9,2.17,6.0,18.0,3.0,1.0,17.04,98.125,177.75
233,Russell Wilson,QB,29.333000000000002,10/28/2018,NFL,SEA,@,DET,W 28-14,7,8,Sun,14,17,82.35,248,3,0,158.3,2,14.59,18.12,2.0,15.0,7.5,0.0,23.42,105.25,224.0
234,Deshaun Watson,QB,23.041,10/25/2018,NFL,HOU,0,MIA,W 42-23,8,8,Thu,16,20,80.0,239,5,0,156.0,0,11.95,16.95,1.0,14.0,14.0,0.0,30.96,140.375,236.4375
235,Ryan Fitzpatrick,QB,35.338,10/28/2018,NFL,TAM,@,CIN,L 34-37,7,8,Sun,11,15,73.33,194,2,0,154.9,1,12.93,15.6,1.0,18.0,18.0,0.0,17.56,140.3125,253.75
236,Lamar Jackson,QB,21.294,10/28/2018,NFL,BAL,@,CAR,L 21-36,8,8,Sun,4,5,80.0,46,1,0,144.6,0,9.2,13.2,3.0,26.0,8.67,0.0,8.44,98.75,239.0625
237,Derek Carr,QB,27.214000000000002,10/28/2018,NFL,OAK,0,IND,L 28-42,7,8,Sun,21,28,75.0,244,3,0,136.6,0,8.71,10.86,0.0,0.0,0.0,0.0,21.76,96.75,228.4375
238,Andrew Luck,QB,29.046,10/28/2018,NFL,IND,@,OAK,W 42-28,8,8,Sun,22,31,70.97,239,3,0,125.6,0,7.71,9.65,0.0,0.0,0.0,0.0,21.56,136.6875,222.9375
239,Patrick Mahomes,QB,23.041,10/28/2018,NFL,KAN,0,DEN,W 30-23,8,8,Sun,24,34,70.59,303,4,1,125.0,2,8.91,9.94,0.0,0.0,0.0,0.0,27.12,106.0625,225.625
240,Carson Wentz,QB,25.302,10/28/2018,NFL,PHI,@,JAX,W 24-18,8,8,Sun,21,30,70.0,286,3,1,119.6,4,9.53,10.03,6.0,28.0,4.67,0.0,25.24,111.0625,191.8125
241,Taylor Heinicke,QB,25.226999999999997,10/28/2018,NFL,CAR,0,BAL,W 36-21,7,8,Sun,1,1,100.0,13,0,0,118.7,0,13.0,13.0,0.0,0.0,0.0,0.0,0.52,77.125,177.4375
242,Cam Newton,QB,29.17,10/28/2018,NFL,CAR,0,BAL,W 36-21,7,8,Sun,21,29,72.41,219,2,0,116.9,0,7.55,8.93,10.0,52.0,5.2,1.0,27.96,77.125,177.4375
243,Nathan Peterman,QB,24.178,10/29/2018,NFL,BUF,0,NWE,L 6-25,8,8,Mon,2,2,100.0,23,0,0,114.6,0,11.5,11.5,0.0,0.0,0.0,0.0,0.92,111.5,239.125
244,Jared Goff,QB,24.014,10/28/2018,NFL,LAR,0,GNB,W 29-27,8,8,Sun,19,35,54.29,295,3,0,111.0,5,8.43,10.14,5.0,7.0,1.4,0.0,24.5,117.875,207.75
245,Kirk Cousins,QB,30.07,10/28/2018,NFL,MIN,0,NOR,L 20-30,8,8,Sun,31,41,75.61,359,2,1,107.7,4,8.76,8.63,2.0,3.0,1.5,0.0,21.66,76.4375,241.0625
246,Andy Dalton,QB,30.364,10/28/2018,NFL,CIN,0,TAM,W 37-34,8,8,Sun,21,34,61.76,280,2,0,107.5,2,8.24,9.41,3.0,10.0,3.33,0.0,20.200000000000006,120.6875,236.875
247,Aaron Rodgers,QB,34.33,10/28/2018,NFL,GNB,@,LAR,L 27-29,7,8,Sun,18,30,60.0,286,1,0,102.9,3,9.53,10.2,1.0,5.0,5.0,0.0,15.94,125.25,218.75
248,Mitchell Trubisky,QB,24.06900000000001,10/28/2018,NFL,CHI,0,NYJ,W 24-10,7,8,Sun,16,29,55.17,220,2,0,102.7,2,7.59,8.97,6.0,51.0,8.5,0.0,21.9,124.4375,228.0625
249,Case Keenum,QB,30.253,10/28/2018,NFL,DEN,@,KAN,L 23-30,8,8,Sun,23,34,67.65,262,2,1,97.9,5,7.71,7.56,1.0,9.0,9.0,0.0,18.38,117.375,258.0625
250,Matthew Stafford,QB,30.263,10/28/2018,NFL,DET,0,SEA,L 14-28,7,8,Sun,27,40,67.5,310,2,1,96.9,3,7.75,7.63,1.0,6.0,6.0,0.0,20.0,108.125,235.6875
251,Ben Roethlisberger,QB,36.24,10/28/2018,NFL,PIT,0,CLE,W 33-18,7,8,Sun,24,36,66.67,257,2,1,94.3,1,7.14,7.0,2.0,6.0,3.0,0.0,17.880000000000006,115.375,260.25
252,Blake Bortles,QB,26.183000000000003,10/28/2018,NFL,JAX,0,PHI,L 18-24,8,8,Sun,24,41,58.54,286,1,0,88.1,4,6.98,7.46,8.0,43.0,5.38,0.0,19.74,102.8125,260.75
253,Alex Smith,QB,34.174,10/28/2018,NFL,WAS,@,NYG,W 20-13,7,8,Sun,20,32,62.5,178,1,0,87.8,0,5.56,6.19,3.0,13.0,4.33,0.0,12.420000000000002,121.125,223.5625
254,Tom Brady,QB,41.086999999999996,10/29/2018,NFL,NWE,@,BUF,W 25-6,8,8,Mon,29,45,64.44,324,0,0,85.8,2,7.2,7.2,1.0,8.0,8.0,0.0,13.760000000000002,97.9375,171.25
255,Drew Brees,QB,39.286,10/28/2018,NFL,NOR,@,MIN,W 30-20,7,8,Sun,18,23,78.26,120,1,1,84.8,0,5.22,4.13,0.0,0.0,0.0,0.0,7.8000000000000025,98.125,177.75
256,C.J. Beathard,QB,24.346,10/28/2018,NFL,SFO,@,ARI,L 15-18,8,8,Sun,14,28,50.0,190,1,0,83.9,4,6.79,7.5,5.0,9.0,1.8,0.0,12.500000000000002,134.9375,198.4375
257,Josh Rosen,QB,21.26,10/28/2018,NFL,ARI,0,SFO,W 18-15,8,8,Sun,23,40,57.5,252,2,1,82.5,3,6.3,6.18,2.0,12.0,6.0,0.0,18.28,104.75,215.6875
258,Baker Mayfield,QB,23.197,10/28/2018,NFL,CLE,@,PIT,L 18-33,8,8,Sun,22,36,61.11,180,2,1,80.8,2,5.0,4.86,1.0,9.0,9.0,0.0,15.1,91.3125,216.375
259,Sam Darnold,QB,21.145,10/28/2018,NFL,NYJ,@,CHI,L 10-24,8,8,Sun,14,29,48.28,153,1,0,75.8,1,5.28,5.97,5.0,22.0,4.4,0.0,12.32,77.8125,213.625
260,Eli Manning,QB,37.298,10/28/2018,NFL,NYG,0,WAS,L 13-20,8,8,Sun,30,47,63.83,316,1,2,72.7,7,6.72,5.23,0.0,0.0,0.0,0.0,14.64,109.5,235.8125
261,Derek Anderson,QB,35.135999999999996,10/29/2018,NFL,BUF,0,NWE,L 6-25,8,8,Mon,22,39,56.41,290,0,1,69.4,3,7.44,6.28,0.0,0.0,0.0,0.0,10.6,111.5,239.125
262,Brock Osweiler,QB,27.337,10/25/2018,NFL,MIA,@,HOU,L 23-42,8,8,Thu,21,37,56.76,241,0,1,65.3,2,6.51,5.3,0.0,0.0,0.0,0.0,8.64,77.5625,226.125
263,Joe Flacco,QB,33.285,10/28/2018,NFL,BAL,@,CAR,L 21-36,8,8,Sun,22,39,56.41,192,1,2,56.8,2,4.92,3.13,2.0,14.0,7.0,0.0,11.08,98.75,239.0625
264,Jameis Winston,QB,24.295,10/28/2018,NFL,TAM,@,CIN,L 34-37,7,8,Sun,18,35,51.43,276,1,4,47.7,5,7.89,3.31,3.0,18.0,6.0,0.0,12.840000000000002,140.3125,253.75
265,Nick Mullens,QB,23.225,11/1/2018,NFL,SFO,0,OAK,W 34-3,9,9,Thu,16,22,72.73,262,3,0,151.9,0,11.91,14.64,0.0,0.0,0.0,0.0,22.48,136.6875,222.9375
266,Drew Brees,QB,39.293,11/4/2018,NFL,NOR,0,LAR,W 45-35,8,9,Sun,25,36,69.44,346,4,0,137.0,0,9.61,11.83,4.0,16.0,4.0,0.0,31.44,125.25,218.75
267,Cam Newton,QB,29.177,11/4/2018,NFL,CAR,0,TAM,W 42-28,8,9,Sun,19,25,76.0,247,2,0,133.2,2,9.88,11.48,11.0,33.0,3.0,0.0,21.180000000000003,120.6875,236.875
268,Patrick Mahomes,QB,23.048000000000002,11/4/2018,NFL,KAN,@,CLE,W 37-21,9,9,Sun,23,32,71.88,375,3,1,129.0,2,11.72,12.19,2.0,18.0,9.0,0.0,27.8,115.375,260.25
269,Deshaun Watson,QB,23.051,11/4/2018,NFL,HOU,@,DEN,W 19-17,9,9,Sun,17,24,70.83,213,2,0,125.9,4,8.88,10.54,6.0,38.0,6.33,0.0,20.32,106.0625,225.625
270,Matt Ryan,QB,33.171,11/4/2018,NFL,ATL,@,WAS,W 38-14,8,9,Sun,26,38,68.42,350,4,1,121.6,2,9.21,10.13,0.0,0.0,0.0,0.0,29.0,109.5,235.8125
271,Marcus Mariota,QB,25.006,11/5/2018,NFL,TEN,@,DAL,W 28-14,8,9,Mon,21,29,72.41,240,2,0,119.9,4,8.28,9.66,10.0,32.0,3.2,1.0,26.8,87.0625,217.9375
272,Joshua Dobbs,QB,23.281999999999996,11/4/2018,NFL,PIT,@,BAL,W 23-16,8,9,Sun,1,1,100.0,22,0,0,118.7,0,22.0,22.0,0.0,0.0,0.0,0.0,0.88,77.125,177.4375
273,Lamar Jackson,QB,21.301,11/4/2018,NFL,BAL,0,PIT,L 16-23,9,9,Sun,1,1,100.0,12,0,0,116.7,0,12.0,12.0,5.0,10.0,2.0,0.0,1.48,91.3125,216.375
274,Jared Goff,QB,24.021,11/4/2018,NFL,LAR,@,NOR,L 35-45,9,9,Sun,28,40,70.0,391,3,1,115.7,0,9.78,10.15,3.0,17.0,5.67,0.0,28.34,76.4375,241.0625
275,Tyrod Taylor,QB,29.093000000000004,11/4/2018,NFL,CLE,0,KAN,L 21-37,9,9,Sun,1,1,100.0,11,0,0,112.5,0,11.0,11.0,0.0,0.0,0.0,0.0,0.44,117.375,258.0625
276,Philip Rivers,QB,36.330999999999996,11/4/2018,NFL,LAC,@,SEA,W 25-17,8,9,Sun,13,26,50.0,228,2,0,105.9,2,8.77,10.31,0.0,0.0,0.0,0.0,17.12,108.125,235.6875
277,Derek Carr,QB,27.218000000000004,11/1/2018,NFL,OAK,@,SFO,L 3-34,8,9,Thu,16,21,76.19,171,0,0,99.5,7,8.14,8.14,3.0,5.0,1.67,0.0,7.34,104.75,215.6875
278,Dak Prescott,QB,25.099,11/5/2018,NFL,DAL,0,TEN,L 14-28,8,9,Mon,21,31,67.74,243,2,1,99.3,5,7.84,7.68,2.0,11.0,5.5,0.0,17.82,99.5625,206.625
279,Tom Brady,QB,41.093,11/4/2018,NFL,NWE,0,GNB,W 31-17,9,9,Sun,22,35,62.86,294,1,0,99.0,2,8.4,8.97,0.0,0.0,0.0,0.0,15.76,117.875,207.75
280,Baker Mayfield,QB,23.204,11/4/2018,NFL,CLE,0,KAN,L 21-37,9,9,Sun,29,42,69.05,297,2,1,95.0,2,7.07,6.95,0.0,0.0,0.0,0.0,18.880000000000006,117.375,258.0625
281,Kirk Cousins,QB,30.076999999999998,11/4/2018,NFL,MIN,0,DET,W 24-9,9,9,Sun,18,22,81.82,164,1,1,93.9,1,7.45,6.32,2.0,3.0,1.5,0.0,9.86,105.25,224.0
282,Case Keenum,QB,30.26,11/4/2018,NFL,DEN,0,HOU,L 17-19,9,9,Sun,26,42,61.9,290,1,0,90.4,2,6.9,7.38,0.0,0.0,0.0,0.0,15.6,77.5625,226.125
283,Ryan Fitzpatrick,QB,35.345,11/4/2018,NFL,TAM,@,CAR,L 28-42,8,9,Sun,24,40,60.0,243,4,2,89.9,3,6.08,5.83,5.0,23.0,4.6,0.0,26.02,98.75,239.0625
284,Ben Roethlisberger,QB,36.247,11/4/2018,NFL,PIT,@,BAL,W 23-16,8,9,Sun,28,47,59.57,270,2,0,89.8,1,5.74,6.6,2.0,4.0,2.0,1.0,25.2,77.125,177.4375
285,Aaron Rodgers,QB,34.336999999999996,11/4/2018,NFL,GNB,@,NWE,L 17-31,8,9,Sun,24,43,55.81,259,2,0,89.2,1,6.02,6.95,4.0,8.0,2.0,0.0,19.16,111.5,239.125
286,Russell Wilson,QB,29.34,11/4/2018,NFL,SEA,0,LAC,L 17-25,8,9,Sun,26,39,66.67,235,2,1,89.2,4,6.03,5.9,5.0,41.0,8.2,0.0,20.5,98.1875,210.0625
287,Matthew Stafford,QB,30.27,11/4/2018,NFL,DET,@,MIN,L 9-24,8,9,Sun,25,36,69.44,199,0,0,83.0,10,5.53,5.53,5.0,6.0,1.2,0.0,8.56,98.125,177.75
288,Alex Smith,QB,34.181,11/4/2018,NFL,WAS,0,ATL,L 14-38,8,9,Sun,30,46,65.22,306,1,1,82.3,3,6.65,6.11,1.0,22.0,22.0,0.0,17.44,125.0625,233.3125
289,Brock Osweiler,QB,27.346999999999998,11/4/2018,NFL,MIA,0,NYJ,W 13-6,9,9,Sun,15,24,62.5,139,0,0,78.3,4,5.79,5.79,3.0,4.0,1.33,0.0,5.960000000000001,124.4375,228.0625
290,Joe Flacco,QB,33.292,11/4/2018,NFL,BAL,0,PIT,L 16-23,9,9,Sun,23,37,62.16,206,0,0,77.1,2,5.57,5.57,0.0,0.0,0.0,0.0,8.24,91.3125,216.375
291,Mitchell Trubisky,QB,24.076,11/4/2018,NFL,CHI,@,BUF,W 41-9,8,9,Sun,12,20,60.0,135,1,1,76.0,1,6.75,5.5,1.0,6.0,6.0,0.0,9.0,97.9375,171.25
292,Nathan Peterman,QB,24.184,11/4/2018,NFL,BUF,0,CHI,L 9-41,9,9,Sun,31,49,63.27,188,0,3,45.3,4,3.84,1.08,8.0,47.0,5.88,1.0,15.22,77.8125,213.625
293,A.J. McCarron,QB,28.049,11/1/2018,NFL,OAK,@,SFO,L 3-34,8,9,Thu,1,3,33.33,8,0,0,42.4,1,2.67,2.67,0.0,0.0,0.0,0.0,0.32,104.75,215.6875
294,Sam Darnold,QB,21.151999999999997,11/4/2018,NFL,NYJ,@,MIA,L 6-13,9,9,Sun,21,39,53.85,229,0,4,31.8,4,5.87,1.26,0.0,0.0,0.0,0.0,5.16,140.375,236.4375
295,Ben Roethlisberger,QB,36.251,11/8/2018,NFL,PIT,0,CAR,W 52-21,9,10,Thu,22,25,88.0,328,5,0,158.3,1,13.12,17.12,3.0,27.0,9.0,0.0,35.82000000000001,98.75,239.0625
296,Baker Mayfield,QB,23.211,11/11/2018,NFL,CLE,0,ATL,W 28-16,10,10,Sun,17,20,85.0,216,3,0,151.2,0,10.8,13.8,6.0,20.0,3.33,0.0,22.64,125.0625,233.3125
297,Drew Brees,QB,39.3,11/11/2018,NFL,NOR,@,CIN,W 51-14,9,10,Sun,22,25,88.0,265,3,0,150.4,0,10.6,13.0,2.0,3.0,1.5,1.0,28.9,140.3125,253.75
298,Mitchell Trubisky,QB,24.083000000000002,11/11/2018,NFL,CHI,0,DET,W 34-22,9,10,Sun,23,30,76.67,355,3,0,148.6,1,11.83,13.83,3.0,18.0,6.0,1.0,34.0,105.25,224.0
299,Patrick Mahomes,QB,23.055,11/11/2018,NFL,KAN,0,ARI,W 26-14,10,10,Sun,21,28,75.0,249,2,0,125.4,5,8.89,10.32,4.0,21.0,5.25,0.0,20.06,134.9375,198.4375
300,Marcus Mariota,QB,25.011999999999997,11/11/2018,NFL,TEN,0,NWE,W 34-10,9,10,Sun,16,24,66.67,228,2,0,125.0,2,9.5,11.17,2.0,21.0,10.5,0.0,19.22,111.5,239.125
301,Andrew Luck,QB,29.06,11/11/2018,NFL,IND,0,JAX,W 29-26,9,10,Sun,21,29,72.41,285,3,1,123.5,0,9.83,10.34,0.0,0.0,0.0,0.0,22.4,111.0625,191.8125
302,Russell Wilson,QB,29.346999999999998,11/11/2018,NFL,SEA,@,LAR,L 31-36,9,10,Sun,17,26,65.38,176,3,0,123.2,4,6.77,9.08,9.0,92.0,10.22,0.0,28.24,125.25,218.75
303,Matt Barkley,QB,28.064,11/11/2018,NFL,BUF,@,NYJ,W 41-10,10,10,Sun,15,25,60.0,232,2,0,117.4,1,9.28,10.88,0.0,0.0,0.0,0.0,17.28,124.4375,228.0625
304,Jared Goff,QB,24.028000000000002,11/11/2018,NFL,LAR,0,SEA,W 36-31,10,10,Sun,28,39,71.79,318,2,0,113.0,2,8.15,9.18,3.0,3.0,1.0,0.0,21.02,108.125,235.6875
305,Aaron Rodgers,QB,34.344,11/11/2018,NFL,GNB,0,MIA,W 31-12,9,10,Sun,19,28,67.86,199,2,0,112.1,2,7.11,8.54,6.0,21.0,3.5,0.0,18.06,140.375,236.4375
306,Blake Bortles,QB,26.197,11/11/2018,NFL,JAX,@,IND,L 26-29,9,10,Sun,26,38,68.42,320,2,0,111.7,0,8.42,9.47,2.0,8.0,4.0,0.0,21.6,96.75,228.4375
307,Eli Manning,QB,37.313,11/12/2018,NFL,NYG,@,SFO,W 27-23,9,10,Mon,19,31,61.29,188,3,0,110.7,1,6.06,8.0,0.0,0.0,0.0,0.0,19.52,104.75,215.6875
308,Jeff Driskel,QB,25.201999999999998,11/11/2018,NFL,CIN,0,NOR,L 14-51,9,10,Sun,2,3,66.67,45,0,0,109.7,0,15.0,15.0,2.0,35.0,17.5,1.0,11.3,76.4375,241.0625
309,Philip Rivers,QB,36.338,11/11/2018,NFL,LAC,@,OAK,W 20-6,9,10,Sun,18,26,69.23,223,2,1,105.1,1,8.58,8.38,0.0,0.0,0.0,0.0,15.920000000000002,136.6875,222.9375
310,Cam Newton,QB,29.180999999999997,11/8/2018,NFL,CAR,@,PIT,L 21-52,9,10,Thu,23,29,79.31,193,2,1,103.0,5,6.66,6.48,2.0,10.0,5.0,0.0,15.72,91.3125,216.375
311,Dak Prescott,QB,25.105,11/11/2018,NFL,DAL,@,PHI,W 27-20,9,10,Sun,26,36,72.22,270,1,0,102.8,4,7.5,8.06,6.0,9.0,1.5,1.0,21.70000000000001,102.8125,260.75
312,Carson Wentz,QB,25.316,11/11/2018,NFL,PHI,0,DAL,L 20-27,9,10,Sun,32,44,72.73,360,2,1,102.5,2,8.18,8.07,2.0,7.0,3.5,0.0,22.1,87.0625,217.9375
313,Matt Ryan,QB,33.178000000000004,11/11/2018,NFL,ATL,@,CLE,L 16-28,9,10,Sun,38,52,73.08,330,2,0,102.2,2,6.35,7.12,3.0,13.0,4.33,0.0,22.500000000000004,115.375,260.25
314,Alex Smith,QB,34.188,11/11/2018,NFL,WAS,@,TAM,W 16-3,9,10,Sun,19,27,70.37,178,1,0,100.5,3,6.59,7.33,2.0,16.0,8.0,0.0,12.72,120.6875,236.875
315,Brian Hoyer,QB,33.029,11/11/2018,NFL,NWE,@,TEN,L 10-34,10,10,Sun,1,1,100.0,7,0,0,95.8,0,7.0,7.0,0.0,0.0,0.0,0.0,0.28,99.5625,206.625
316,Derek Carr,QB,27.228,11/11/2018,NFL,OAK,0,LAC,L 6-20,9,10,Sun,24,37,64.86,243,0,0,83.5,4,6.57,6.57,0.0,0.0,0.0,0.0,9.72,98.1875,210.0625
317,Ryan Fitzpatrick,QB,35.352,11/11/2018,NFL,TAM,0,WAS,L 3-16,9,10,Sun,29,41,70.73,406,0,2,82.0,2,9.9,7.71,8.0,35.0,4.38,0.0,17.740000000000006,109.5,235.8125
318,Matthew Stafford,QB,30.276999999999997,11/11/2018,NFL,DET,@,CHI,L 22-34,9,10,Sun,25,42,59.52,274,2,2,74.9,6,6.52,5.33,2.0,9.0,4.5,0.0,17.86,77.8125,213.625
319,Nick Mullens,QB,23.236,11/12/2018,NFL,SFO,0,NYG,L 23-27,10,10,Mon,27,39,69.23,250,1,2,73.7,0,6.41,4.62,0.0,0.0,0.0,0.0,12.0,121.125,223.5625
320,Tom Brady,QB,41.1,11/11/2018,NFL,NWE,@,TEN,L 10-34,10,10,Sun,21,41,51.22,254,0,0,70.6,3,6.2,6.2,0.0,0.0,0.0,0.0,10.16,99.5625,206.625
321,Brock Osweiler,QB,27.354,11/11/2018,NFL,MIA,@,GNB,L 12-31,10,10,Sun,23,37,62.16,213,0,1,66.6,6,5.76,4.54,0.0,0.0,0.0,0.0,7.52,117.875,207.75
322,Andy Dalton,QB,31.013,11/11/2018,NFL,CIN,0,NOR,L 14-51,9,10,Sun,12,20,60.0,153,1,2,61.0,4,7.65,4.15,1.0,8.0,8.0,0.0,8.920000000000002,76.4375,241.0625
323,Josh Rosen,QB,21.274,11/11/2018,NFL,ARI,@,KAN,L 14-26,9,10,Sun,22,39,56.41,208,1,2,58.5,5,5.33,3.54,0.0,0.0,0.0,0.0,10.32,117.375,258.0625
324,Joshua Dobbs,QB,23.285999999999998,11/8/2018,NFL,PIT,0,CAR,W 52-21,9,10,Thu,1,2,50.0,-3,0,0,56.2,0,-1.5,-1.5,0.0,0.0,0.0,0.0,-0.12,98.75,239.0625
325,Teddy Bridgewater,QB,26.000999999999998,11/11/2018,NFL,NOR,@,CIN,W 51-14,9,10,Sun,0,1,0.0,0,0,0,39.6,0,0.0,0.0,0.0,0.0,0.0,0.0,0.0,140.3125,253.75
326,Josh McCown,QB,39.13,11/11/2018,NFL,NYJ,0,BUF,L 10-41,10,10,Sun,17,34,50.0,135,0,2,35.8,3,3.97,1.32,1.0,4.0,4.0,0.0,3.8,97.9375,171.25
327,Eli Manning,QB,37.319,11/18/2018,NFL,NYG,0,TAM,W 38-35,10,11,Sun,17,18,94.44,231,2,0,155.8,4,12.83,15.06,1.0,-1.0,-1.0,0.0,17.14,120.6875,236.875
328,Drew Brees,QB,39.306999999999995,11/18/2018,NFL,NOR,0,PHI,W 48-7,10,11,Sun,22,30,73.33,363,4,0,153.2,0,12.1,14.77,0.0,0.0,0.0,0.0,30.52,102.8125,260.75
329,Andrew Luck,QB,29.066999999999997,11/18/2018,NFL,IND,0,TEN,W 38-10,10,11,Sun,23,29,79.31,297,3,0,143.8,0,10.24,12.31,0.0,0.0,0.0,0.0,23.88000000000001,99.5625,206.625
330,Jameis Winston,QB,24.316,11/18/2018,NFL,TAM,@,NYG,L 35-38,10,11,Sun,12,16,75.0,199,2,1,129.9,0,12.44,12.13,5.0,16.0,3.2,0.0,16.560000000000002,121.125,223.5625
331,Aaron Rodgers,QB,34.348,11/15/2018,NFL,GNB,@,SEA,L 24-27,10,11,Thu,21,30,70.0,332,2,0,128.7,5,11.07,12.4,1.0,3.0,3.0,0.0,21.58,108.125,235.6875
332,Patrick Mahomes,QB,23.063000000000002,11/19/2018,NFL,KAN,@,LAR,L 51-54,11,11,Mon,33,46,71.74,478,6,3,117.6,3,10.39,10.07,6.0,28.0,4.67,0.0,42.92,125.25,218.75
333,Jared Goff,QB,24.035999999999998,11/19/2018,NFL,LAR,0,KAN,W 54-51,11,11,Mon,31,49,63.27,413,4,0,117.1,5,8.43,10.06,4.0,6.0,1.5,1.0,39.12,117.375,258.0625
334,Cam Newton,QB,29.191,11/18/2018,NFL,CAR,@,DET,L 19-20,10,11,Sun,25,37,67.57,357,3,1,114.4,3,9.65,10.05,2.0,2.0,1.0,0.0,25.48,105.25,224.0
335,Russell Wilson,QB,29.351,11/15/2018,NFL,SEA,0,GNB,W 27-24,10,11,Thu,21,31,67.74,225,2,0,110.3,3,7.26,8.55,5.0,17.0,3.4,0.0,18.7,117.875,207.75
336,Derek Carr,QB,27.235,11/18/2018,NFL,OAK,@,ARI,W 23-21,10,11,Sun,19,31,61.29,192,2,0,100.5,4,6.19,7.48,0.0,0.0,0.0,0.0,15.68,134.9375,198.4375
337,Matt Ryan,QB,33.185,11/18/2018,NFL,ATL,0,DAL,L 19-22,10,11,Sun,24,34,70.59,291,1,1,94.1,3,8.56,7.82,1.0,1.0,1.0,0.0,14.74,87.0625,217.9375
338,Philip Rivers,QB,36.345,11/18/2018,NFL,LAC,0,DEN,L 22-23,10,11,Sun,28,43,65.12,401,2,2,91.3,3,9.33,8.16,0.0,0.0,0.0,0.0,22.04,106.0625,225.625
339,Colt McCoy,QB,32.074,11/18/2018,NFL,WAS,0,HOU,L 21-23,10,11,Sun,6,12,50.0,54,1,0,90.3,2,4.5,6.17,5.0,35.0,7.0,0.0,9.66,77.5625,226.125
340,Andy Dalton,QB,31.02,11/18/2018,NFL,CIN,@,BAL,L 21-24,10,11,Sun,19,36,52.78,211,2,0,89.0,1,5.86,6.97,2.0,29.0,14.5,0.0,19.34,77.125,177.4375
341,Matthew Stafford,QB,30.284000000000002,11/18/2018,NFL,DET,0,CAR,W 20-19,10,11,Sun,23,37,62.16,220,1,0,87.7,1,5.95,6.49,3.0,6.0,2.0,0.0,13.4,98.75,239.0625
342,Dak Prescott,QB,25.112,11/18/2018,NFL,DAL,@,ATL,W 22-19,10,11,Sun,22,32,68.75,208,0,0,86.5,2,6.5,6.5,4.0,5.0,1.25,1.0,14.82,125.0625,233.3125
343,Blaine Gabbert,QB,29.034000000000002,11/18/2018,NFL,TEN,@,IND,L 10-38,10,11,Sun,11,16,68.75,118,1,1,84.9,1,7.38,5.81,0.0,0.0,0.0,0.0,7.719999999999999,96.75,228.4375
344,Case Keenum,QB,30.274,11/18/2018,NFL,DEN,@,LAC,W 23-22,10,11,Sun,19,32,59.38,205,0,0,78.3,0,6.41,6.41,0.0,0.0,0.0,0.0,8.2,98.1875,210.0625
345,Kirk Cousins,QB,30.090999999999998,11/18/2018,NFL,MIN,@,CHI,L 20-25,10,11,Sun,30,46,65.22,262,2,2,76.5,2,5.7,4.61,1.0,5.0,5.0,0.0,16.98,77.8125,213.625
346,Deshaun Watson,QB,23.065,11/18/2018,NFL,HOU,@,WAS,W 23-21,10,11,Sun,16,24,66.67,208,1,2,72.9,3,8.67,5.75,3.0,7.0,2.33,0.0,11.02,109.5,235.8125
347,Blake Bortles,QB,26.204,11/18/2018,NFL,JAX,0,PIT,L 16-20,10,11,Sun,10,18,55.56,104,0,0,72.5,6,5.78,5.78,2.0,17.0,8.5,0.0,5.86,91.3125,216.375
348,Lamar Jackson,QB,21.315,11/18/2018,NFL,BAL,0,CIN,W 24-21,10,11,Sun,13,19,68.42,150,0,1,70.1,3,7.89,5.53,26.0,119.0,4.58,0.0,16.9,140.3125,253.75
349,Josh Rosen,QB,21.281,11/18/2018,NFL,ARI,0,OAK,L 21-23,10,11,Sun,9,20,45.0,136,3,2,67.9,1,6.8,5.3,1.0,0.0,0.0,0.0,15.44,136.6875,222.9375
350,Ben Roethlisberger,QB,36.260999999999996,11/18/2018,NFL,PIT,@,JAX,W 20-16,10,11,Sun,27,47,57.45,314,2,3,65.4,2,6.68,4.66,2.0,1.0,0.5,1.0,23.660000000000004,111.0625,191.8125
351,Mitchell Trubisky,QB,24.09,11/18/2018,NFL,CHI,0,MIN,W 25-20,10,11,Sun,20,31,64.52,165,1,2,61.9,1,5.32,3.06,10.0,43.0,4.3,0.0,12.900000000000002,98.125,177.75
352,Marcus Mariota,QB,25.019000000000002,11/18/2018,NFL,TEN,@,IND,L 10-38,10,11,Sun,10,13,76.92,85,0,1,61.4,4,6.54,3.08,4.0,17.0,4.25,0.0,4.1,96.75,228.4375
353,Jacoby Brissett,QB,25.342,11/18/2018,NFL,IND,0,TEN,W 38-10,10,11,Sun,1,2,50.0,-2,0,0,56.2,0,-1.0,-1.0,0.0,0.0,0.0,0.0,-0.08,99.5625,206.625
354,Ryan Fitzpatrick,QB,35.359,11/18/2018,NFL,TAM,@,NYG,L 35-38,10,11,Sun,13,21,61.9,167,0,3,47.2,1,7.95,1.52,4.0,14.0,3.5,1.0,11.08,121.125,223.5625
355,Taylor Heinicke,QB,25.248,11/18/2018,NFL,CAR,@,DET,L 19-20,10,11,Sun,0,1,0.0,0,0,0,39.6,0,0.0,0.0,0.0,0.0,0.0,0.0,0.0,105.25,224.0
356,Carson Wentz,QB,25.323,11/18/2018,NFL,PHI,@,NOR,L 7-48,10,11,Sun,19,33,57.58,156,0,3,31.9,3,4.73,0.64,1.0,6.0,6.0,0.0,3.84,76.4375,241.0625
357,Alex Smith,QB,34.195,11/18/2018,NFL,WAS,0,HOU,L 21-23,10,11,Sun,12,27,44.44,135,0,2,29.1,3,5.0,1.67,4.0,33.0,8.25,0.0,6.700000000000001,77.5625,226.125
358,Marcus Mariota,QB,25.026999999999997,11/26/2018,NFL,TEN,@,HOU,L 17-34,11,12,Mon,22,23,95.65,303,2,0,147.7,6,13.17,14.91,6.0,28.0,4.67,0.0,22.92,77.5625,226.125
359,Baker Mayfield,QB,23.225,11/25/2018,NFL,CLE,@,CIN,W 35-20,11,12,Sun,19,26,73.08,258,4,0,143.9,0,9.92,13.0,0.0,0.0,0.0,0.0,26.32,140.3125,253.75
360,Philip Rivers,QB,36.352,11/25/2018,NFL,LAC,0,ARI,W 45-10,11,12,Sun,28,29,96.55,259,3,0,138.4,4,8.93,11.0,1.0,3.0,3.0,0.0,22.66,134.9375,198.4375
361,Deshaun Watson,QB,23.073,11/26/2018,NFL,HOU,0,TEN,W 34-17,11,12,Mon,19,24,79.17,210,2,0,130.9,4,8.75,10.42,9.0,70.0,7.78,1.0,29.4,99.5625,206.625
362,Kirk Cousins,QB,30.09800000000001,11/25/2018,NFL,MIN,0,GNB,W 24-17,11,12,Sun,29,38,76.32,342,3,0,129.5,2,9.0,10.58,6.0,17.0,2.83,0.0,27.38,117.875,207.75
363,Russell Wilson,QB,29.361,11/25/2018,NFL,SEA,@,CAR,W 30-27,11,12,Sun,22,31,70.97,339,2,0,128.3,2,10.94,12.23,3.0,4.0,1.33,0.0,21.96,98.75,239.0625
364,Dak Prescott,QB,25.116,11/22/2018,NFL,DAL,0,WAS,W 31-23,11,12,Thu,22,31,70.97,289,2,0,121.6,4,9.32,10.61,6.0,18.0,3.0,1.0,27.36000000000001,109.5,235.8125
365,Ryan Tannehill,QB,30.121,11/25/2018,NFL,MIA,@,IND,L 24-27,11,12,Sun,17,25,68.0,204,2,0,119.4,1,8.16,9.76,3.0,14.0,4.67,0.0,17.56,96.75,228.4375
366,Jameis Winston,QB,24.323,11/25/2018,NFL,TAM,0,SFO,W 27-9,11,12,Sun,29,38,76.32,312,2,0,117.4,1,8.21,9.26,7.0,24.0,3.43,0.0,22.88000000000001,104.75,215.6875
367,Tom Brady,QB,41.114,11/25/2018,NFL,NWE,@,NYJ,W 27-13,11,12,Sun,20,31,64.52,283,2,0,115.4,0,9.13,10.42,0.0,0.0,0.0,0.0,19.32,124.4375,228.0625
368,Drew Brees,QB,39.311,11/22/2018,NFL,NOR,0,ATL,W 31-17,11,12,Thu,15,22,68.18,171,4,1,111.9,1,7.77,9.36,0.0,0.0,0.0,0.0,21.84,125.0625,233.3125
369,Cam Newton,QB,29.198,11/25/2018,NFL,CAR,0,SEA,L 27-30,11,12,Sun,25,30,83.33,256,2,1,110.6,0,8.53,8.37,8.0,63.0,7.88,0.0,23.54000000000001,108.125,235.6875
370,Andrew Luck,QB,29.074,11/25/2018,NFL,IND,0,MIA,W 27-24,11,12,Sun,30,37,81.08,343,3,2,109.8,1,9.27,8.46,2.0,5.0,2.5,0.0,24.22,140.375,236.4375
371,Carson Wentz,QB,25.33,11/25/2018,NFL,PHI,0,NYG,W 25-22,11,12,Sun,20,28,71.43,236,1,0,108.6,3,8.43,9.14,0.0,0.0,0.0,0.0,13.44,121.125,223.5625
372,Chase Daniel,QB,32.046,11/22/2018,NFL,CHI,@,DET,W 23-16,11,12,Thu,27,37,72.97,230,2,0,106.8,4,6.22,7.3,4.0,4.0,1.0,0.0,17.6,105.25,224.0
373,Matt Ryan,QB,33.189,11/22/2018,NFL,ATL,@,NOR,L 17-31,11,12,Thu,35,47,74.47,377,2,1,102.9,6,8.02,7.91,2.0,16.0,8.0,0.0,23.68,76.4375,241.0625
374,Case Keenum,QB,30.281,11/25/2018,NFL,DEN,0,PIT,W 24-17,11,12,Sun,15,28,53.57,197,2,0,99.9,2,7.04,8.46,0.0,0.0,0.0,0.0,15.88,91.3125,216.375
375,Aaron Rodgers,QB,34.358000000000004,11/25/2018,NFL,GNB,@,MIN,L 17-24,11,12,Sun,17,28,60.71,198,1,0,94.0,4,7.07,7.79,0.0,0.0,0.0,0.0,11.92,98.125,177.75
376,Eli Manning,QB,37.326,11/25/2018,NFL,NYG,@,PHI,L 22-25,11,12,Sun,26,37,70.27,297,1,1,91.8,2,8.03,7.35,0.0,0.0,0.0,0.0,14.88,102.8125,260.75
377,Josh Allen,QB,22.188000000000002,11/25/2018,NFL,BUF,0,JAX,W 24-21,11,12,Sun,8,19,42.11,160,1,0,89.8,0,8.42,9.47,13.0,99.0,7.62,1.0,26.3,111.0625,191.8125
378,Ben Roethlisberger,QB,36.268,11/25/2018,NFL,PIT,@,DEN,L 17-24,11,12,Sun,41,56,73.21,462,1,2,88.5,2,8.25,7.0,2.0,18.0,9.0,0.0,22.28,106.0625,225.625
379,Jeff Driskel,QB,25.215999999999998,11/25/2018,NFL,CIN,0,CLE,L 20-35,11,12,Sun,17,29,58.62,155,1,0,84.7,1,5.34,6.03,3.0,9.0,3.0,1.0,17.1,115.375,260.25
380,Jacoby Brissett,QB,25.349,11/25/2018,NFL,IND,0,MIA,W 27-24,11,12,Sun,1,1,100.0,4,0,0,83.3,0,4.0,4.0,0.0,0.0,0.0,0.0,0.16,140.375,236.4375
381,Derek Carr,QB,27.241999999999997,11/25/2018,NFL,OAK,@,BAL,L 17-34,11,12,Sun,16,34,47.06,194,1,0,74.9,3,5.71,6.29,0.0,0.0,0.0,0.0,11.76,77.125,177.4375
382,Josh McCown,QB,39.144,11/25/2018,NFL,NYJ,0,NWE,L 13-27,11,12,Sun,26,45,57.78,276,1,1,73.9,2,6.13,5.58,3.0,25.0,8.33,0.0,16.54,111.5,239.125
383,Josh Rosen,QB,21.288,11/25/2018,NFL,ARI,@,LAC,L 10-45,11,12,Sun,12,19,63.16,105,1,1,73.4,2,5.53,4.21,0.0,0.0,0.0,0.0,7.1999999999999975,98.1875,210.0625
384,Andy Dalton,QB,31.026999999999997,11/25/2018,NFL,CIN,0,CLE,L 20-35,11,12,Sun,10,17,58.82,100,1,1,70.7,0,5.88,4.41,2.0,21.0,10.5,0.0,9.1,115.375,260.25
385,Colt McCoy,QB,32.078,11/22/2018,NFL,WAS,@,DAL,L 23-31,11,12,Thu,24,38,63.16,268,2,3,68.7,3,7.05,4.55,5.0,28.0,5.6,0.0,18.52,87.0625,217.9375
386,Matthew Stafford,QB,30.288,11/22/2018,NFL,DET,0,CHI,L 16-23,11,12,Thu,28,38,73.68,236,0,2,67.4,2,6.21,3.84,0.0,0.0,0.0,0.0,7.439999999999999,77.8125,213.625
387,Nick Mullens,QB,23.249000000000002,11/25/2018,NFL,SFO,@,TAM,L 9-27,11,12,Sun,18,32,56.25,221,1,2,62.1,4,6.91,4.72,0.0,0.0,0.0,0.0,10.84,120.6875,236.875
388,Lamar Jackson,QB,21.322,11/25/2018,NFL,BAL,0,OAK,W 34-17,11,12,Sun,14,25,56.0,178,1,2,58.4,1,7.12,4.32,11.0,71.0,6.45,1.0,22.22,136.6875,222.9375
389,Blake Bortles,QB,26.211,11/25/2018,NFL,JAX,@,BUF,L 21-24,11,12,Sun,12,23,52.17,127,1,2,46.8,3,5.52,2.48,6.0,39.0,6.5,0.0,10.98,97.9375,171.25
390,Geno Smith,QB,28.046,11/25/2018,NFL,LAC,0,ARI,W 45-10,11,12,Sun,0,3,0.0,0,0,0,39.6,0,0.0,0.0,3.0,7.0,2.33,0.0,0.7000000000000001,134.9375,198.4375
391,Russell Wilson,QB,30.003,12/2/2018,NFL,SEA,0,SFO,W 43-16,12,13,Sun,11,17,64.71,185,4,0,140.9,3,10.88,15.59,4.0,14.0,3.5,0.0,24.8,104.75,215.6875
392,Derek Carr,QB,27.249000000000002,12/2/2018,NFL,OAK,0,KAN,L 33-40,12,13,Sun,29,38,76.32,285,3,0,123.2,3,7.5,9.08,1.0,8.0,8.0,0.0,24.2,117.375,258.0625
393,Patrick Mahomes,QB,23.076,12/2/2018,NFL,KAN,@,OAK,W 40-33,12,13,Sun,23,38,60.53,295,4,0,120.0,0,7.76,9.87,9.0,52.0,5.78,0.0,33.0,136.6875,222.9375
394,Colt McCoy,QB,32.089,12/3/2018,NFL,WAS,@,PHI,L 13-28,12,13,Mon,4,4,100.0,50,0,0,118.7,1,12.5,12.5,0.0,0.0,0.0,0.0,2.0,102.8125,260.75
395,Dak Prescott,QB,25.123,11/29/2018,NFL,DAL,0,NOR,W 13-10,12,13,Thu,24,28,85.71,249,1,0,115.6,7,8.89,9.61,5.0,22.0,4.4,0.0,16.16,76.4375,241.0625
396,Philip Rivers,QB,36.359,12/2/2018,NFL,LAC,@,PIT,W 33-30,12,13,Sun,26,36,72.22,299,2,0,115.4,2,8.31,9.42,0.0,0.0,0.0,0.0,19.96,91.3125,216.375
397,Jameis Winston,QB,24.33,12/2/2018,NFL,TAM,0,CAR,W 24-17,12,13,Sun,20,30,66.67,249,2,0,114.4,4,8.3,9.63,5.0,48.0,9.6,0.0,22.76,98.75,239.0625
398,Ryan Tannehill,QB,30.128,12/2/2018,NFL,MIA,0,BUF,W 21-17,12,13,Sun,16,24,66.67,137,3,1,103.6,3,5.71,6.33,0.0,0.0,0.0,0.0,16.48,97.9375,171.25
399,Tom Brady,QB,41.121,12/2/2018,NFL,NWE,0,MIN,W 24-10,12,13,Sun,24,32,75.0,311,1,1,102.5,0,9.72,8.94,2.0,5.0,2.5,0.0,15.939999999999998,98.125,177.75
400,Deshaun Watson,QB,23.079,12/2/2018,NFL,HOU,0,CLE,W 29-13,12,13,Sun,22,31,70.97,224,1,0,102.1,4,7.23,7.87,7.0,30.0,4.29,0.0,15.96,115.375,260.25
401,Carson Wentz,QB,25.338,12/3/2018,NFL,PHI,0,WAS,W 28-13,12,13,Mon,27,39,69.23,306,2,1,98.9,0,7.85,7.72,0.0,0.0,0.0,0.0,19.24,109.5,235.8125
402,Case Keenum,QB,30.288,12/2/2018,NFL,DEN,@,CIN,W 24-10,12,13,Sun,12,21,57.14,151,1,0,95.5,2,7.19,8.14,2.0,9.0,4.5,0.0,10.94,140.3125,253.75
403,Nick Mullens,QB,23.256,12/2/2018,NFL,SFO,@,SEA,L 16-43,12,13,Sun,30,48,62.5,414,2,1,95.3,3,8.63,8.52,0.0,0.0,0.0,0.0,23.56,108.125,235.6875
404,Cody Kessler,QB,25.205,12/2/2018,NFL,JAX,0,IND,W 6-0,12,13,Sun,18,24,75.0,150,0,0,90.6,3,6.25,6.25,5.0,28.0,5.6,0.0,8.8,96.75,228.4375
405,Marcus Mariota,QB,25.033,12/2/2018,NFL,TEN,0,NYJ,W 26-22,12,13,Sun,20,35,57.14,282,2,1,90.4,3,8.06,7.91,4.0,43.0,10.75,0.0,22.58,124.4375,228.0625
406,Ben Roethlisberger,QB,36.275,12/2/2018,NFL,PIT,0,LAC,L 30-33,12,13,Sun,29,45,64.44,281,2,1,87.4,1,6.24,6.13,0.0,0.0,0.0,0.0,18.24,98.1875,210.0625
407,Matt Ryan,QB,33.199,12/2/2018,NFL,ATL,0,BAL,L 16-26,12,13,Sun,16,26,61.54,131,1,0,87.2,3,5.04,5.81,0.0,0.0,0.0,0.0,9.24,77.125,177.4375
408,Jeff Driskel,QB,25.22300000000001,12/2/2018,NFL,CIN,0,DEN,L 10-24,12,13,Sun,25,37,67.57,236,1,1,82.7,4,6.38,5.7,0.0,0.0,0.0,0.0,12.44,106.0625,225.625
409,Matthew Stafford,QB,30.298000000000002,12/2/2018,NFL,DET,0,LAR,L 16-30,12,13,Sun,20,33,60.61,245,1,1,81.0,4,7.42,6.67,0.0,0.0,0.0,0.0,12.8,125.25,218.75
410,Aaron Rodgers,QB,35.0,12/2/2018,NFL,GNB,0,ARI,L 17-20,12,13,Sun,31,50,62.0,233,1,0,79.8,1,4.66,5.06,3.0,20.0,6.67,0.0,15.32,134.9375,198.4375
411,Baker Mayfield,QB,23.232,12/2/2018,NFL,CLE,@,HOU,L 13-29,12,13,Sun,29,43,67.44,397,1,3,75.4,0,9.23,6.56,0.0,0.0,0.0,0.0,16.880000000000006,77.5625,226.125
412,Chase Daniel,QB,32.056,12/2/2018,NFL,CHI,@,NYG,L 27-30,12,13,Sun,26,39,66.67,285,1,2,75.3,5,7.31,5.51,0.0,0.0,0.0,0.0,13.4,121.125,223.5625
413,Lamar Jackson,QB,21.329,12/2/2018,NFL,BAL,@,ATL,W 26-16,12,13,Sun,12,21,57.14,125,0,0,74.5,2,5.95,5.95,17.0,75.0,4.41,1.0,18.5,125.0625,233.3125
414,Josh Allen,QB,22.195,12/2/2018,NFL,BUF,@,MIA,L 17-21,12,13,Sun,18,33,54.55,231,2,2,71.7,2,7.0,5.48,9.0,135.0,15.0,0.0,28.74,140.375,236.4375
415,Drew Brees,QB,39.31800000000001,11/29/2018,NFL,NOR,@,DAL,L 10-13,12,13,Thu,18,28,64.29,127,1,1,71.6,2,4.54,3.64,0.0,0.0,0.0,0.0,8.08,87.0625,217.9375
416,Kirk Cousins,QB,30.105,12/2/2018,NFL,MIN,@,NWE,L 10-24,12,13,Sun,32,44,72.73,201,1,2,70.4,2,4.57,2.98,0.0,0.0,0.0,0.0,10.04,111.5,239.125
417,Jared Goff,QB,24.049,12/2/2018,NFL,LAR,@,DET,W 30-16,12,13,Sun,17,33,51.52,207,1,1,68.6,2,6.27,5.52,0.0,0.0,0.0,0.0,11.28,105.25,224.0
418,Andrew Luck,QB,29.081,12/2/2018,NFL,IND,@,JAX,L 0-6,12,13,Sun,33,52,63.46,248,0,1,66.8,3,4.77,3.9,2.0,16.0,8.0,0.0,10.52,111.0625,191.8125
419,Cam Newton,QB,29.205,12/2/2018,NFL,CAR,@,TAM,L 17-24,12,13,Sun,28,41,68.29,300,2,4,66.2,4,7.32,3.9,6.0,33.0,5.5,0.0,19.3,120.6875,236.875
420,Robert Griffin,QB,28.29300000000001,12/2/2018,NFL,BAL,@,ATL,W 26-16,12,13,Sun,2,4,50.0,21,0,0,65.6,0,5.25,5.25,0.0,0.0,0.0,0.0,0.84,125.0625,233.3125
421,Eli Manning,QB,37.333,12/2/2018,NFL,NYG,0,CHI,W 30-27,12,13,Sun,19,35,54.29,170,1,1,65.2,3,4.86,4.14,0.0,0.0,0.0,0.0,9.8,77.8125,213.625
422,Josh Rosen,QB,21.295,12/2/2018,NFL,ARI,@,GNB,W 20-17,12,13,Sun,11,26,42.31,149,0,0,61.2,2,5.73,5.73,2.0,32.0,16.0,0.0,9.16,117.875,207.75
423,Mark Sanchez,QB,32.022,12/3/2018,NFL,WAS,@,PHI,L 13-28,12,13,Mon,13,21,61.9,100,0,1,53.7,2,4.76,2.62,1.0,8.0,8.0,0.0,3.8,102.8125,260.75
424,Josh McCown,QB,39.150999999999996,12/2/2018,NFL,NYJ,@,TEN,L 22-26,12,13,Sun,17,30,56.67,128,0,1,53.2,2,4.27,2.77,0.0,0.0,0.0,0.0,4.12,99.5625,206.625
425,Taylor Heinicke,QB,25.261999999999997,12/2/2018,NFL,CAR,@,TAM,L 17-24,12,13,Sun,0,1,0.0,0,0,0,39.6,0,0.0,0.0,0.0,0.0,0.0,0.0,0.0,120.6875,236.875
426,Ryan Tannehill,QB,30.135,12/9/2018,NFL,MIA,0,NWE,W 34-33,13,14,Sun,14,19,73.68,265,3,0,155.2,4,13.95,17.11,1.0,13.0,13.0,0.0,23.9,111.5,239.125
427,Eli Manning,QB,37.34,12/9/2018,NFL,NYG,@,WAS,W 40-16,13,14,Sun,14,22,63.64,197,3,0,132.0,2,8.95,11.68,0.0,0.0,0.0,0.0,19.88,109.5,235.8125
428,Ben Roethlisberger,QB,36.282,12/9/2018,NFL,PIT,@,OAK,L 21-24,13,14,Sun,25,29,86.21,282,2,0,130.2,1,9.72,11.1,0.0,0.0,0.0,0.0,19.28,136.6875,222.9375
429,Baker Mayfield,QB,23.239,12/9/2018,NFL,CLE,0,CAR,W 26-20,13,14,Sun,18,22,81.82,238,1,0,126.9,1,10.82,11.73,0.0,0.0,0.0,0.0,13.52,98.75,239.0625
430,Derek Carr,QB,27.256,12/9/2018,NFL,OAK,0,PIT,W 24-21,13,14,Sun,25,34,73.53,322,2,0,122.4,4,9.47,10.65,0.0,0.0,0.0,0.0,20.880000000000006,91.3125,216.375
431,Carson Wentz,QB,25.344,12/9/2018,NFL,PHI,@,DAL,L 23-29,13,14,Sun,22,32,68.75,228,3,0,120.3,2,7.13,9.0,0.0,0.0,0.0,0.0,21.12,87.0625,217.9375
432,Taylor Heinicke,QB,25.269000000000002,12/9/2018,NFL,CAR,@,CLE,L 20-26,13,14,Sun,1,1,100.0,33,0,0,118.7,0,33.0,33.0,0.0,0.0,0.0,0.0,1.32,115.375,260.25
433,Tom Brady,QB,41.128,12/9/2018,NFL,NWE,@,MIA,L 33-34,13,14,Sun,27,43,62.79,358,3,0,112.4,2,8.33,9.72,1.0,3.0,3.0,0.0,26.62,140.375,236.4375
434,Josh Johnson,QB,32.208,12/9/2018,NFL,WAS,0,NYG,L 16-40,13,14,Sun,11,16,68.75,195,1,1,104.9,0,12.19,10.63,7.0,45.0,6.43,1.0,21.3,121.125,223.5625
435,Dak Prescott,QB,25.13300000000001,12/9/2018,NFL,DAL,0,PHI,W 29-23,13,14,Sun,42,54,77.78,455,3,2,104.9,3,8.43,7.87,0.0,0.0,0.0,0.0,28.2,102.8125,260.75
436,Andrew Luck,QB,29.088,12/9/2018,NFL,IND,@,HOU,W 24-21,13,14,Sun,27,41,65.85,399,2,1,103.6,2,9.73,9.61,6.0,16.0,2.67,0.0,24.56,77.5625,226.125
437,Aaron Rodgers,QB,35.007,12/9/2018,NFL,GNB,0,ATL,W 34-20,13,14,Sun,21,32,65.63,196,2,0,103.1,4,6.13,7.38,3.0,44.0,14.67,0.0,20.24,125.0625,233.3125
438,Nick Mullens,QB,23.263,12/9/2018,NFL,SFO,0,DEN,W 20-14,13,14,Sun,20,33,60.61,332,2,1,102.1,3,10.06,9.91,0.0,0.0,0.0,0.0,20.28,106.0625,225.625
439,Lamar Jackson,QB,21.336,12/9/2018,NFL,BAL,@,KAN,L 24-27,13,14,Sun,13,24,54.17,147,2,0,100.5,2,6.13,7.79,14.0,67.0,4.79,0.0,20.58,117.375,258.0625
440,Philip Rivers,QB,37.001,12/9/2018,NFL,LAC,0,CIN,W 26-21,13,14,Sun,19,29,65.52,220,1,0,99.8,2,7.59,8.28,2.0,7.0,3.5,0.0,13.5,140.3125,253.75
441,Deshaun Watson,QB,23.086,12/9/2018,NFL,HOU,0,IND,L 21-24,13,14,Sun,27,38,71.05,267,1,0,99.3,5,7.03,7.55,5.0,35.0,7.0,0.0,18.18,96.75,228.4375
442,Matt Ryan,QB,33.205999999999996,12/9/2018,NFL,ATL,@,GNB,L 20-34,13,14,Sun,28,42,66.67,262,3,1,97.5,2,6.24,6.6,0.0,0.0,0.0,0.0,21.48,117.875,207.75
443,Jeff Driskel,QB,25.23,12/9/2018,NFL,CIN,@,LAC,L 21-26,13,14,Sun,18,27,66.67,170,1,0,96.2,3,6.3,7.04,2.0,12.0,6.0,0.0,12.0,98.1875,210.0625
444,Patrick Mahomes,QB,23.083000000000002,12/9/2018,NFL,KAN,0,BAL,W 27-24,13,14,Sun,35,53,66.04,377,2,1,91.5,3,7.11,7.02,0.0,0.0,0.0,0.0,22.08,77.125,177.4375
445,Drew Brees,QB,39.328,12/9/2018,NFL,NOR,@,TAM,W 28-14,13,14,Sun,24,31,77.42,201,1,1,90.9,1,6.48,5.68,0.0,0.0,0.0,0.0,11.04,120.6875,236.875
446,Kirk Cousins,QB,30.113000000000003,12/10/2018,NFL,MIN,@,SEA,L 7-21,13,14,Mon,20,33,60.61,208,1,0,89.0,2,6.3,6.91,3.0,5.0,1.67,0.0,12.82,108.125,235.6875
447,Sam Darnold,QB,21.186999999999998,12/9/2018,NFL,NYJ,@,BUF,W 27-23,13,14,Sun,16,24,66.67,170,1,1,83.7,0,7.08,6.04,4.0,10.0,2.5,0.0,10.8,97.9375,171.25
448,Cody Kessler,QB,25.209,12/6/2018,NFL,JAX,@,TEN,L 9-30,13,14,Thu,25,43,58.14,240,1,0,81.5,4,5.58,6.05,5.0,17.0,3.4,0.0,15.3,99.5625,206.625
449,Case Keenum,QB,30.295,12/9/2018,NFL,DEN,@,SFO,L 14-20,13,14,Sun,24,42,57.14,186,1,0,76.1,2,4.43,4.9,4.0,24.0,6.0,0.0,13.840000000000002,104.75,215.6875
450,Marcus Mariota,QB,25.037,12/6/2018,NFL,TEN,0,JAX,W 30-9,13,14,Thu,18,24,75.0,162,0,1,75.3,1,6.75,4.88,4.0,13.0,3.25,0.0,6.78,111.0625,191.8125
451,Matthew Stafford,QB,30.305,12/9/2018,NFL,DET,@,ARI,W 17-3,13,14,Sun,15,23,65.22,101,0,0,74.7,1,4.39,4.39,1.0,7.0,7.0,0.0,4.74,134.9375,198.4375
452,Jameis Winston,QB,24.337,12/9/2018,NFL,TAM,0,NOR,L 14-28,13,14,Sun,18,38,47.37,213,2,1,71.5,4,5.61,5.47,5.0,47.0,9.4,0.0,20.22,76.4375,241.0625
453,Cam Newton,QB,29.212,12/9/2018,NFL,CAR,@,CLE,L 20-26,13,14,Sun,26,42,61.9,265,0,1,70.0,1,6.31,5.24,5.0,23.0,4.6,0.0,11.9,115.375,260.25
454,Josh Rosen,QB,21.302,12/9/2018,NFL,ARI,0,DET,L 3-17,13,14,Sun,26,41,63.41,240,0,1,69.2,3,5.85,4.76,0.0,0.0,0.0,0.0,8.6,105.25,224.0
455,Josh Allen,QB,22.201999999999998,12/9/2018,NFL,BUF,0,NYJ,L 23-27,13,14,Sun,18,36,50.0,206,0,2,44.4,3,5.72,3.22,9.0,101.0,11.22,1.0,22.340000000000003,124.4375,228.0625
456,Robert Griffin,QB,28.3,12/9/2018,NFL,BAL,@,KAN,L 24-27,13,14,Sun,0,2,0.0,0,0,0,39.6,0,0.0,0.0,0.0,0.0,0.0,0.0,0.0,117.375,258.0625
457,Josh McCown,QB,39.158,12/9/2018,NFL,NYJ,@,BUF,W 27-23,13,14,Sun,0,1,0.0,0,0,0,39.6,0,0.0,0.0,0.0,0.0,0.0,0.0,0.0,97.9375,171.25
458,Russell Wilson,QB,30.011,12/10/2018,NFL,SEA,0,MIN,W 21-7,13,14,Mon,10,20,50.0,72,0,1,37.9,2,3.6,1.35,7.0,61.0,8.71,0.0,7.98,98.125,177.75
459,Mitchell Trubisky,QB,24.111,12/9/2018,NFL,CHI,0,LAR,W 15-6,13,14,Sun,16,30,53.33,110,1,3,33.3,1,3.67,-0.17,6.0,23.0,3.83,0.0,7.700000000000001,125.25,218.75
460,Jared Goff,QB,24.055999999999997,12/9/2018,NFL,LAR,@,CHI,L 6-15,13,14,Sun,20,44,45.45,180,0,4,19.1,3,4.09,0.0,1.0,5.0,5.0,0.0,3.7,77.8125,213.625
461,Joshua Dobbs,QB,23.316999999999997,12/9/2018,NFL,PIT,@,OAK,L 21-24,13,14,Sun,4,9,44.44,24,0,1,12.0,0,2.67,-2.33,2.0,15.0,7.5,0.0,1.46,136.6875,222.9375
462,Mark Sanchez,QB,32.028,12/9/2018,NFL,WAS,0,NYG,L 16-40,13,14,Sun,6,14,42.86,38,0,2,10.7,5,2.71,-3.71,0.0,0.0,0.0,0.0,-0.48,121.125,223.5625
463,Kyle Lauletta,QB,23.267,12/9/2018,NFL,NYG,@,WAS,W 40-16,13,14,Sun,0,5,0.0,0,0,1,0.0,0,0.0,-9.0,0.0,0.0,0.0,0.0,-1.0,109.5,235.8125
464,Deshaun Watson,QB,23.092,12/15/2018,NFL,HOU,@,NYJ,W 29-22,14,15,Sat,22,28,78.57,294,2,0,134.2,6,10.5,11.93,4.0,26.0,6.5,0.0,22.36,124.4375,228.0625
465,Mitchell Trubisky,QB,24.118000000000002,12/16/2018,NFL,CHI,0,GNB,W 24-17,14,15,Sun,20,28,71.43,235,2,0,120.4,1,8.39,9.82,3.0,16.0,5.33,0.0,19.0,117.875,207.75
466,Mike Glennon,QB,29.004,12/16/2018,NFL,ARI,@,ATL,L 14-40,14,15,Sun,10,14,71.43,111,1,0,118.5,1,7.93,9.36,0.0,0.0,0.0,0.0,8.440000000000001,125.0625,233.3125
467,Russell Wilson,QB,30.017,12/16/2018,NFL,SEA,@,SFO,L 23-26,14,15,Sun,23,31,74.19,237,2,0,117.3,3,7.65,8.94,5.0,15.0,3.0,0.0,18.98,104.75,215.6875
468,Kirk Cousins,QB,30.119,12/16/2018,NFL,MIN,0,MIA,W 41-17,14,15,Sun,14,21,66.67,215,2,1,112.2,2,10.24,10.0,5.0,7.0,1.4,0.0,16.3,140.375,236.4375
469,Nick Mullens,QB,23.27,12/16/2018,NFL,SFO,0,SEA,W 26-23,14,15,Sun,20,29,68.97,275,1,0,110.6,3,9.48,10.17,0.0,0.0,0.0,0.0,15.0,108.125,235.6875
470,Patrick Mahomes,QB,23.087,12/13/2018,NFL,KAN,0,LAC,L 28-29,14,15,Thu,24,34,70.59,243,2,0,110.3,2,7.15,8.32,0.0,0.0,0.0,0.0,17.72,98.1875,210.0625
471,Matthew Stafford,QB,30.311999999999998,12/16/2018,NFL,DET,@,BUF,L 13-14,14,15,Sun,22,29,75.86,208,1,0,106.7,0,7.17,7.86,0.0,0.0,0.0,0.0,12.32,97.9375,171.25
472,Sam Darnold,QB,21.193,12/15/2018,NFL,NYJ,0,HOU,L 22-29,14,15,Sat,24,38,63.16,253,2,0,100.0,3,6.66,7.71,6.0,35.0,5.83,0.0,21.62,77.5625,226.125
473,Matt Ryan,QB,33.213,12/16/2018,NFL,ATL,0,ARI,W 40-14,14,15,Sun,22,36,61.11,231,2,0,98.3,2,6.42,7.53,3.0,18.0,6.0,1.0,25.04000000000001,134.9375,198.4375
474,Josh Johnson,QB,32.215,12/16/2018,NFL,WAS,@,JAX,W 16-13,14,15,Sun,16,25,64.0,151,1,0,93.9,3,6.04,6.84,9.0,49.0,5.44,0.0,14.94,111.0625,191.8125
475,Lamar Jackson,QB,21.343000000000004,12/16/2018,NFL,BAL,0,TAM,W 20-12,14,15,Sun,14,23,60.87,131,1,0,91.0,2,5.7,6.57,18.0,95.0,5.28,0.0,18.74,120.6875,236.875
476,Tom Brady,QB,41.135,12/16/2018,NFL,NWE,@,PIT,L 10-17,14,15,Sun,25,36,69.44,279,1,1,89.9,1,7.75,7.06,0.0,0.0,0.0,0.0,14.16,91.3125,216.375
477,Nick Foles,QB,29.33,12/16/2018,NFL,PHI,@,LAR,W 30-23,14,15,Sun,24,31,77.42,270,0,1,89.4,0,8.71,7.26,0.0,0.0,0.0,0.0,9.8,125.25,218.75
478,Josh Allen,QB,22.209,12/16/2018,NFL,BUF,0,DET,W 14-13,14,15,Sun,13,26,50.0,204,1,0,89.3,1,7.85,8.62,9.0,16.0,1.78,1.0,19.76,105.25,224.0
479,Philip Rivers,QB,37.005,12/13/2018,NFL,LAC,@,KAN,W 29-28,14,15,Thu,26,38,68.42,313,2,2,89.0,5,8.24,6.92,0.0,0.0,0.0,0.0,18.52,117.375,258.0625
480,Derek Carr,QB,27.263,12/16/2018,NFL,OAK,@,CIN,L 16-30,14,15,Sun,21,38,55.26,263,1,0,85.7,5,6.92,7.45,0.0,0.0,0.0,0.0,14.52,140.3125,253.75
481,Baker Mayfield,QB,23.245,12/15/2018,NFL,CLE,@,DEN,W 17-16,14,15,Sat,18,31,58.06,188,2,1,83.8,2,6.06,5.9,0.0,0.0,0.0,0.0,14.52,106.0625,225.625
482,Andrew Luck,QB,29.095,12/16/2018,NFL,IND,0,DAL,W 23-0,14,15,Sun,16,27,59.26,192,0,0,81.1,0,7.11,7.11,6.0,20.0,3.33,0.0,9.68,87.0625,217.9375
483,Ben Roethlisberger,QB,36.289,12/16/2018,NFL,PIT,0,NWE,W 17-10,14,15,Sun,22,34,64.71,235,2,2,79.9,2,6.91,5.44,0.0,0.0,0.0,0.0,15.4,111.5,239.125
484,Jared Goff,QB,24.063000000000002,12/16/2018,NFL,LAR,0,PHI,L 23-30,14,15,Sun,35,53,66.04,339,0,1,75.9,2,6.4,5.55,2.0,11.0,5.5,0.0,13.66,102.8125,260.75
485,Marcus Mariota,QB,25.046999999999997,12/16/2018,NFL,TEN,@,NYG,W 17-0,14,15,Sun,12,20,60.0,88,0,0,70.4,1,4.4,4.4,2.0,11.0,5.5,0.0,4.62,121.125,223.5625
486,Drew Brees,QB,39.336,12/17/2018,NFL,NOR,@,CAR,W 12-9,14,15,Mon,23,35,65.71,203,0,1,69.1,2,5.8,4.51,0.0,0.0,0.0,0.0,7.120000000000001,98.75,239.0625
487,Aaron Rodgers,QB,35.014,12/16/2018,NFL,GNB,@,CHI,L 17-24,14,15,Sun,25,42,59.52,274,0,1,68.9,5,6.52,5.45,3.0,25.0,8.33,0.0,12.46,77.8125,213.625
488,Dak Prescott,QB,25.14,12/16/2018,NFL,DAL,@,IND,L 0-23,14,15,Sun,24,39,61.54,206,0,1,64.7,3,5.28,4.13,0.0,0.0,0.0,0.0,7.24,96.75,228.4375
489,Case Keenum,QB,30.301,12/15/2018,NFL,DEN,0,CLE,L 16-17,14,15,Sat,31,48,64.58,257,0,2,60.9,2,5.35,3.48,0.0,0.0,0.0,0.0,8.28,115.375,260.25
490,Ryan Tannehill,QB,30.142,12/16/2018,NFL,MIA,@,MIN,L 17-41,14,15,Sun,11,24,45.83,108,0,0,59.0,9,4.5,4.5,0.0,0.0,0.0,0.0,4.32,98.125,177.75
491,Jameis Winston,QB,24.344,12/16/2018,NFL,TAM,@,BAL,L 12-20,14,15,Sun,13,25,52.0,157,0,1,54.9,1,6.28,4.48,0.0,0.0,0.0,0.0,5.28,77.125,177.4375
492,Eli Manning,QB,37.347,12/16/2018,NFL,NYG,0,TEN,L 0-17,14,15,Sun,21,44,47.73,229,0,1,54.1,3,5.2,4.18,0.0,0.0,0.0,0.0,8.16,99.5625,206.625
493,Cam Newton,QB,29.22,12/17/2018,NFL,CAR,0,NOR,L 9-12,14,15,Mon,16,29,55.17,131,0,1,52.5,4,4.52,2.97,5.0,15.0,3.0,0.0,5.74,76.4375,241.0625
494,Jeff Driskel,QB,25.237,12/16/2018,NFL,CIN,0,OAK,W 30-16,14,15,Sun,14,33,42.42,130,1,1,51.3,1,3.94,3.18,7.0,32.0,4.57,0.0,11.4,136.6875,222.9375
495,Josh Rosen,QB,21.309,12/16/2018,NFL,ARI,@,ATL,L 14-40,14,15,Sun,13,22,59.09,132,0,2,38.4,6,6.0,1.91,2.0,8.0,4.0,0.0,4.08,125.0625,233.3125
496,Cody Kessler,QB,25.219,12/16/2018,NFL,JAX,0,WAS,L 13-16,14,15,Sun,9,17,52.94,57,0,1,35.7,6,3.35,0.71,6.0,68.0,11.33,0.0,8.080000000000002,109.5,235.8125
497,Kirk Cousins,QB,30.125999999999998,12/23/2018,NFL,MIN,@,DET,W 27-9,15,16,Sun,21,28,75.0,253,3,0,137.9,2,9.04,11.18,0.0,0.0,0.0,0.0,22.12,105.25,224.0
498,Sam Darnold,QB,21.201,12/23/2018,NFL,NYJ,0,GNB,L 38-44,15,16,Sun,24,35,68.57,341,3,0,128.4,2,9.74,11.46,3.0,4.0,1.33,0.0,26.04,117.875,207.75
499,Russell Wilson,QB,30.024,12/23/2018,NFL,SEA,0,KAN,W 38-31,15,16,Sun,18,29,62.07,271,3,0,127.2,3,9.34,11.41,8.0,57.0,7.13,0.0,28.54,117.375,258.0625
500,Matt Ryan,QB,33.22,12/23/2018,NFL,ATL,@,CAR,W 24-10,15,16,Sun,15,26,57.69,239,3,0,126.9,1,9.19,11.5,0.0,0.0,0.0,0.0,21.56,98.75,239.0625
501,Blaine Gabbert,QB,29.068,12/22/2018,NFL,TEN,0,WAS,W 25-16,15,16,Sat,7,11,63.64,101,1,0,123.7,1,9.18,11.0,0.0,0.0,0.0,0.0,8.04,109.5,235.8125
502,Jeff Driskel,QB,25.244,12/23/2018,NFL,CIN,@,CLE,L 18-26,15,16,Sun,13,19,68.42,133,2,0,123.4,3,7.0,9.11,5.0,21.0,4.2,0.0,15.42,115.375,260.25
503,Baker Mayfield,QB,23.253,12/23/2018,NFL,CLE,0,CIN,W 26-18,15,16,Sun,27,37,72.97,284,3,0,121.9,0,7.68,9.3,6.0,16.0,2.67,0.0,24.96,140.3125,253.75
504,Nick Foles,QB,29.337,12/23/2018,NFL,PHI,0,HOU,W 32-30,15,16,Sun,35,49,71.43,471,4,1,120.4,1,9.61,10.33,0.0,0.0,0.0,0.0,33.84,77.5625,226.125
505,Jared Goff,QB,24.07,12/23/2018,NFL,LAR,@,ARI,W 31-9,15,16,Sun,19,24,79.17,216,1,0,118.1,2,9.0,9.83,2.0,6.0,3.0,1.0,19.24,134.9375,198.4375
506,Deshaun Watson,QB,23.1,12/23/2018,NFL,HOU,@,PHI,L 30-32,15,16,Sun,29,40,72.5,339,2,0,114.5,4,8.48,9.48,8.0,49.0,6.13,2.0,38.46,102.8125,260.75
507,Mitchell Trubisky,QB,24.125,12/23/2018,NFL,CHI,@,SFO,W 14-9,15,16,Sun,25,29,86.21,246,1,0,113.5,3,8.48,9.17,0.0,0.0,0.0,0.0,13.84,104.75,215.6875
508,Ben Roethlisberger,QB,36.296,12/23/2018,NFL,PIT,@,NOR,L 28-31,15,16,Sun,33,50,66.0,380,3,0,108.7,3,7.6,8.8,0.0,0.0,0.0,0.0,27.20000000000001,76.4375,241.0625
509,Dak Prescott,QB,25.147,12/23/2018,NFL,DAL,0,TAM,W 27-20,15,16,Sun,20,25,80.0,161,1,0,106.8,1,6.44,7.24,0.0,0.0,0.0,0.0,10.44,120.6875,236.875
510,Kyle Allen,QB,22.29,12/23/2018,NFL,CAR,0,ATL,L 10-24,15,16,Sun,4,4,100.0,38,0,0,106.2,0,9.5,9.5,0.0,0.0,0.0,0.0,1.52,125.0625,233.3125
511,Aaron Rodgers,QB,35.021,12/23/2018,NFL,GNB,@,NYJ,W 44-38,15,16,Sun,37,55,67.27,442,2,0,103.7,4,8.04,8.76,5.0,32.0,6.4,2.0,40.88,124.4375,228.0625
512,Patrick Mahomes,QB,23.096999999999998,12/23/2018,NFL,KAN,@,SEA,L 31-38,15,16,Sun,23,40,57.5,273,3,0,103.4,1,6.83,8.33,3.0,33.0,11.0,0.0,26.22,108.125,235.6875
513,Drew Brees,QB,39.342,12/23/2018,NFL,NOR,0,PIT,W 31-28,15,16,Sun,27,39,69.23,326,1,0,103.2,2,8.36,8.87,0.0,0.0,0.0,0.0,17.04,91.3125,216.375
514,Eli Manning,QB,37.354,12/23/2018,NFL,NYG,@,IND,L 27-28,15,16,Sun,25,33,75.76,309,1,1,101.7,0,9.36,8.61,0.0,0.0,0.0,0.0,15.36,96.75,228.4375
515,Marcus Mariota,QB,25.053,12/22/2018,NFL,TEN,0,WAS,W 25-16,15,16,Sat,10,13,76.92,110,0,0,101.4,2,8.46,8.46,1.0,7.0,7.0,0.0,5.1000000000000005,109.5,235.8125
516,Lamar Jackson,QB,21.349,12/22/2018,NFL,BAL,@,LAC,W 22-10,15,16,Sat,12,22,54.55,204,1,0,101.3,3,9.27,10.18,13.0,39.0,3.0,0.0,16.060000000000002,98.1875,210.0625
517,Mike Glennon,QB,29.011,12/23/2018,NFL,ARI,0,LAR,L 9-31,15,16,Sun,5,7,71.43,63,0,0,99.1,0,9.0,9.0,0.0,0.0,0.0,0.0,2.52,125.25,218.75
518,Jameis Winston,QB,24.351,12/23/2018,NFL,TAM,@,DAL,L 20-27,15,16,Sun,34,48,70.83,336,1,0,97.2,3,7.0,7.42,4.0,14.0,3.5,0.0,18.84,87.0625,217.9375
519,Andrew Luck,QB,29.101999999999997,12/23/2018,NFL,IND,0,NYG,W 28-27,15,16,Sun,31,47,65.96,357,2,1,94.0,1,7.6,7.49,2.0,13.0,6.5,0.0,22.58,121.125,223.5625
520,Blake Bortles,QB,26.239,12/23/2018,NFL,JAX,@,MIA,W 17-7,15,16,Sun,5,6,83.33,39,0,0,93.7,1,6.5,6.5,4.0,25.0,6.25,0.0,4.0600000000000005,140.375,236.4375
521,Derek Carr,QB,27.271,12/24/2018,NFL,OAK,0,DEN,W 27-14,15,16,Mon,19,26,73.08,167,0,0,89.7,1,6.42,6.42,0.0,0.0,0.0,0.0,6.68,106.0625,225.625
522,Cody Kessler,QB,25.226,12/23/2018,NFL,JAX,@,MIA,W 17-7,15,16,Sun,12,17,70.59,106,0,0,86.9,5,6.24,6.24,0.0,0.0,0.0,0.0,4.24,140.375,236.4375
523,Ryan Tannehill,QB,30.149,12/23/2018,NFL,MIA,0,JAX,L 7-17,15,16,Sun,15,22,68.18,146,1,1,82.8,3,6.64,5.5,3.0,22.0,7.33,0.0,11.04,111.0625,191.8125
524,Case Keenum,QB,30.31,12/24/2018,NFL,DEN,@,OAK,L 14-27,15,16,Mon,23,37,62.16,202,2,2,72.1,1,5.46,4.11,3.0,19.0,6.33,0.0,15.98,136.6875,222.9375
525,Nick Mullens,QB,23.276999999999997,12/23/2018,NFL,SFO,0,CHI,L 9-14,15,16,Sun,22,38,57.89,241,0,1,65.8,1,6.34,5.16,0.0,0.0,0.0,0.0,8.64,77.8125,213.625
526,Matthew Stafford,QB,30.31900000000001,12/23/2018,NFL,DET,0,MIN,L 9-27,15,16,Sun,18,32,56.25,116,0,0,64.1,2,3.63,3.63,0.0,0.0,0.0,0.0,4.64,98.125,177.75
527,Josh Rosen,QB,21.316,12/23/2018,NFL,ARI,0,LAR,L 9-31,15,16,Sun,12,23,52.17,87,0,0,61.3,4,3.78,3.78,4.0,49.0,12.25,0.0,8.38,125.25,218.75
528,Taylor Heinicke,QB,25.283,12/23/2018,NFL,CAR,0,ATL,L 10-24,15,16,Sun,33,53,62.26,274,1,3,58.2,2,5.17,3.0,3.0,33.0,11.0,0.0,15.260000000000002,125.0625,233.3125
529,Matt Cassel,QB,36.22,12/23/2018,NFL,DET,0,MIN,L 9-27,15,16,Sun,5,11,45.45,45,0,0,57.0,1,4.09,4.09,1.0,14.0,14.0,0.0,3.2,98.125,177.75
530,Josh Johnson,QB,32.221,12/22/2018,NFL,WAS,@,TEN,L 16-25,15,16,Sat,13,23,56.52,153,1,2,55.2,2,6.65,3.61,4.0,22.0,5.5,0.0,10.32,99.5625,206.625
531,Josh Allen,QB,22.215999999999998,12/23/2018,NFL,BUF,@,NWE,L 12-24,15,16,Sun,20,41,48.78,217,1,2,52.6,0,5.29,3.59,5.0,30.0,6.0,0.0,13.68,111.5,239.125
532,Philip Rivers,QB,37.014,12/22/2018,NFL,LAC,0,BAL,L 10-22,15,16,Sat,23,37,62.16,181,0,2,51.7,4,4.89,2.46,0.0,0.0,0.0,0.0,5.24,77.125,177.4375
533,Tom Brady,QB,41.141999999999996,12/23/2018,NFL,NWE,0,BUF,W 24-12,15,16,Sun,13,24,54.17,126,1,2,48.3,1,5.25,2.33,0.0,0.0,0.0,0.0,7.039999999999999,97.9375,171.25
534,Brian Hoyer,QB,33.071,12/23/2018,NFL,NWE,0,BUF,W 24-12,15,16,Sun,0,1,0.0,0,0,0,39.6,0,0.0,0.0,0.0,0.0,0.0,0.0,0.0,97.9375,171.25
535,Nate Sudfeld,QB,25.076999999999998,12/23/2018,NFL,PHI,0,HOU,W 32-30,15,16,Sun,0,1,0.0,0,0,0,39.6,0,0.0,0.0,0.0,0.0,0.0,0.0,0.0,77.5625,226.125
536,Taysom Hill,QB,28.122,12/23/2018,NFL,NOR,0,PIT,W 31-28,15,16,Sun,0,1,0.0,0,0,1,0.0,0,0.0,-45.0,0.0,0.0,0.0,0.0,-1.0,91.3125,216.375
537,Nate Sudfeld,QB,25.084,12/30/2018,NFL,PHI,@,WAS,W 24-0,16,17,Sun,1,1,100.0,22,1,0,158.3,0,22.0,42.0,0.0,0.0,0.0,0.0,4.88,109.5,235.8125
538,Tom Brady,QB,41.148999999999994,12/30/2018,NFL,NWE,0,NYJ,W 38-3,16,17,Sun,24,33,72.73,250,4,0,133.8,1,7.58,10.0,0.0,0.0,0.0,0.0,26.0,124.4375,228.0625
539,Jameis Winston,QB,24.358,12/30/2018,NFL,TAM,0,ATL,L 32-34,16,17,Sun,22,35,62.86,345,4,1,121.7,1,9.86,10.86,2.0,23.0,11.5,0.0,31.1,125.0625,233.3125
540,Jared Goff,QB,24.076999999999998,12/30/2018,NFL,LAR,0,SFO,W 48-32,16,17,Sun,15,26,57.69,199,4,0,121.6,0,7.65,10.73,0.0,0.0,0.0,0.0,23.96,104.75,215.6875
541,Dak Prescott,QB,25.154,12/30/2018,NFL,DAL,@,NYG,W 36-35,16,17,Sun,27,44,61.36,387,4,0,120.2,4,8.8,10.61,0.0,0.0,0.0,0.0,31.48,121.125,223.5625
542,Josh Allen,QB,22.22300000000001,12/30/2018,NFL,BUF,0,MIA,W 42-17,16,17,Sun,17,26,65.38,224,3,1,114.9,1,8.62,9.19,9.0,95.0,10.56,2.0,41.46,140.375,236.4375
543,Kyle Allen,QB,22.296999999999997,12/30/2018,NFL,CAR,@,NOR,W 33-14,16,17,Sun,16,27,59.26,228,2,0,111.3,0,8.44,9.93,5.0,19.0,3.8,1.0,25.02,76.4375,241.0625
544,Patrick Mahomes,QB,23.104,12/30/2018,NFL,KAN,0,OAK,W 35-3,16,17,Sun,14,24,58.33,281,2,1,109.9,0,11.71,11.5,0.0,0.0,0.0,0.0,18.24,136.6875,222.9375
545,Andrew Luck,QB,29.109,12/30/2018,NFL,IND,@,TEN,W 33-17,16,17,Sun,24,35,68.57,285,3,1,109.8,1,8.14,8.57,7.0,17.0,2.43,0.0,24.1,99.5625,206.625
546,Garrett Gilbert,QB,27.182,12/30/2018,NFL,CAR,@,NOR,W 33-14,16,17,Sun,2,3,66.67,40,0,0,109.7,1,13.33,13.33,0.0,0.0,0.0,0.0,1.6,76.4375,241.0625
547,Matthew Stafford,QB,30.326,12/30/2018,NFL,DET,@,GNB,W 31-0,16,17,Sun,20,32,62.5,266,2,0,109.6,1,8.31,9.56,0.0,0.0,0.0,0.0,18.64,117.875,207.75
548,Matt Ryan,QB,33.227,12/30/2018,NFL,ATL,@,TAM,W 34-32,16,17,Sun,31,44,70.45,378,2,1,102.3,1,8.59,8.48,4.0,7.0,1.75,0.0,22.82,120.6875,236.875
549,Nick Foles,QB,29.344,12/30/2018,NFL,PHI,@,WAS,W 24-0,16,17,Sun,28,33,84.85,221,2,1,102.1,3,6.7,6.55,2.0,4.0,2.0,0.0,16.24,109.5,235.8125
550,Chad Henne,QB,33.181,12/30/2018,NFL,KAN,0,OAK,W 35-3,16,17,Sun,2,3,66.67,29,0,0,97.9,0,9.67,9.67,0.0,0.0,0.0,0.0,1.16,136.6875,222.9375
551,Sean Mannion,QB,26.249000000000002,12/30/2018,NFL,LAR,0,SFO,W 48-32,16,17,Sun,2,3,66.67,23,0,0,89.6,0,7.67,7.67,0.0,0.0,0.0,0.0,0.92,104.75,215.6875
552,Deshaun Watson,QB,23.107,12/30/2018,NFL,HOU,0,JAX,W 20-3,16,17,Sun,25,35,71.43,234,0,0,89.5,6,6.69,6.69,13.0,66.0,5.08,1.0,21.96,111.0625,191.8125
553,Nick Mullens,QB,23.284000000000002,12/30/2018,NFL,SFO,@,LAR,L 32-48,16,17,Sun,23,33,69.7,282,3,3,88.2,3,8.55,6.27,0.0,0.0,0.0,0.0,20.28,125.25,218.75
554,Eli Manning,QB,37.361,12/30/2018,NFL,NYG,0,DAL,L 35-36,16,17,Sun,24,41,58.54,301,2,1,87.6,1,7.34,7.22,0.0,0.0,0.0,0.0,19.04,87.0625,217.9375
555,Mitchell Trubisky,QB,24.131999999999998,12/30/2018,NFL,CHI,@,MIN,W 24-10,16,17,Sun,18,26,69.23,163,0,0,85.9,0,6.27,6.27,3.0,16.0,5.33,0.0,8.120000000000001,98.125,177.75
556,Ben Roethlisberger,QB,36.303000000000004,12/30/2018,NFL,PIT,0,CIN,W 16-13,16,17,Sun,31,45,68.89,287,1,1,84.2,1,6.38,5.82,0.0,0.0,0.0,0.0,14.48,140.3125,253.75
557,Lamar Jackson,QB,21.357,12/30/2018,NFL,BAL,0,CLE,W 26-24,16,17,Sun,14,24,58.33,179,0,0,81.8,2,7.46,7.46,20.0,90.0,4.5,2.0,28.16,115.375,260.25
558,Case Keenum,QB,30.316,12/30/2018,NFL,DEN,0,LAC,L 9-23,16,17,Sun,31,48,64.58,292,1,1,79.5,1,6.08,5.56,3.0,8.0,2.67,0.0,15.48,98.1875,210.0625
559,Kirk Cousins,QB,30.13300000000001,12/30/2018,NFL,MIN,0,CHI,L 10-24,16,17,Sun,20,33,60.61,132,1,0,79.4,4,4.0,4.61,1.0,7.0,7.0,0.0,9.98,77.8125,213.625
560,Baker Mayfield,QB,23.26,12/30/2018,NFL,CLE,@,BAL,L 24-26,16,17,Sun,23,42,54.76,376,3,3,79.1,0,8.95,7.17,0.0,0.0,0.0,0.0,24.04,77.125,177.4375
561,Russell Wilson,QB,30.031,12/30/2018,NFL,SEA,0,ARI,W 27-24,16,17,Sun,12,21,57.14,152,1,1,75.9,6,7.24,6.05,0.0,0.0,0.0,0.0,9.08,134.9375,198.4375
562,Sam Darnold,QB,21.208000000000002,12/30/2018,NFL,NYJ,@,NWE,L 3-38,16,17,Sun,16,28,57.14,167,0,0,74.6,4,5.96,5.96,1.0,28.0,28.0,0.0,9.48,111.5,239.125
563,Josh Rosen,QB,21.323,12/30/2018,NFL,ARI,@,SEA,L 24-27,16,17,Sun,18,34,52.94,149,1,0,74.3,6,4.38,4.97,0.0,0.0,0.0,0.0,9.96,108.125,235.6875
564,Teddy Bridgewater,QB,26.05,12/30/2018,NFL,NOR,0,CAR,L 14-33,16,17,Sun,14,22,63.64,118,1,1,73.7,2,5.36,4.23,4.0,12.0,3.0,0.0,8.919999999999998,98.75,239.0625
565,Aaron Rodgers,QB,35.028,12/30/2018,NFL,GNB,0,DET,L 0-31,16,17,Sun,3,5,60.0,26,0,0,73.7,1,5.2,5.2,0.0,0.0,0.0,0.0,1.04,105.25,224.0
566,Derek Carr,QB,27.276999999999997,12/30/2018,NFL,OAK,@,KAN,L 3-35,16,17,Sun,24,33,72.73,185,0,2,60.8,3,5.61,2.88,0.0,0.0,0.0,0.0,5.4,117.375,258.0625
567,Philip Rivers,QB,37.022,12/30/2018,NFL,LAC,@,DEN,W 23-9,16,17,Sun,14,24,58.33,176,1,2,60.4,0,7.33,4.42,0.0,0.0,0.0,0.0,9.04,106.0625,225.625
568,Blaine Gabbert,QB,29.076,12/30/2018,NFL,TEN,0,IND,L 17-33,16,17,Sun,18,29,62.07,165,1,2,60.3,0,5.69,3.28,0.0,0.0,0.0,0.0,8.600000000000001,96.75,228.4375
569,Jeff Driskel,QB,25.250999999999998,12/30/2018,NFL,CIN,@,PIT,L 13-16,16,17,Sun,12,24,50.0,95,0,0,60.2,4,3.96,3.96,2.0,13.0,6.5,0.0,5.1000000000000005,91.3125,216.375
570,Blake Bortles,QB,26.246,12/30/2018,NFL,JAX,@,HOU,L 3-20,16,17,Sun,15,28,53.57,107,0,1,47.8,3,3.82,2.21,4.0,15.0,3.75,0.0,4.78,77.5625,226.125
571,DeShone Kizer,QB,22.361,12/30/2018,NFL,GNB,0,DET,L 0-31,16,17,Sun,16,35,45.71,132,0,1,44.0,2,3.77,2.49,4.0,40.0,10.0,0.0,8.280000000000001,105.25,224.0
572,Ryan Tannehill,QB,30.156,12/30/2018,NFL,MIA,@,BUF,L 17-42,16,17,Sun,18,31,58.06,147,0,2,43.3,4,4.74,1.84,2.0,9.0,4.5,0.0,4.78,97.9375,171.25
573,Josh Johnson,QB,32.229,12/30/2018,NFL,WAS,0,PHI,L 0-24,16,17,Sun,12,27,44.44,91,0,1,37.7,4,3.37,1.7,0.0,0.0,0.0,0.0,2.64,102.8125,260.75
